推定人数カテゴリ,食事の相手,RESIDENCE,SEX,AGE,HINCOME,,MARRIAGE,CHILD,JOB,Q33,Q34_JP,,,,,,,,,,,,,,,,,,,,,,,
,国,居住地,性別,年齢,"世帯
収入",HML,未既婚,子どもの有無,職業,最近の、あなたの「食事の風景」,"写真の説明（和訳）
・撮影した食事　・撮影した時期　・時間帯
・どこで　・誰と　・何をしながら　・何を食べたか
・誰が作った料理か、あるいは、どこで買った料理か",写真の内容（栄養成分＆メイン色）,写真URL,写真,カラー１,カラー２,カラー３,カラー４,カラー５,カラー６,カラー７,容量（g）,糖分（g）,塩分（g）,カリウム（mg）,カロリー (kcal),タンパク質 (g),脂肪 (g),炭水化物 (g),繊維 (g),推定人数,料理,推定人数カテゴリ,食事の相手
576,PH,マニラ,男性,17歳,"PHP 20,000 - PHP 24,999",1,未婚,いない,無職,SEQ0576_1.webp,12月25日の夜9時頃、自宅で家族と一緒にノチェ・ブエナ（クリスマスイブ）のお祝いをしながら、母が作ってくれた野菜と豚肉のホットドッグを食べている,グリルした豚バラ肉（レチョン・リエンポ風）と赤いホットドッグをレタスに盛り付けたフィリピンのノチェ・ブエナ料理。背景にはカレー状の煮込み料理と果物も見える。,https://hakuhodo-hill.com/glpe/photos/scenes-of-meals/webp/SEQ0576_1.webp,,#8B4513,#CC0000,#6B8E23,#D2691E,#F5F5DC,#228B22,#B8860B,650,8,3.5,820,980,45,72,18,3,3,伝統ローカル料理,,
577,PH,マニラ,男性,19歳,"PHP 100,000 - PHP 149,999",3,未婚,いない,個人経営主、農業主,3人,家族,日本式ラーメン3杯。豚骨スープベースに、チャーシュー、煮卵、ネギをトッピング。左は担々麺風、中央と右は豚骨ラーメン。白色のスープが濃厚でクリーミー。,https://hakuhodo-hill.com/glpe/photos/scenes-of-meals/webp/3人,,#C8A882,#F5E6C8,#4A7C3F,#8B6355,#F0C060,#FFFFFF,#6B4423,1800,6,12,950,1650,81,63,189,6,3,和食,,
578,PH,ケソン,男性,19歳,"PHP 25,000 - PHP 29,999",2,未婚,いない,その他,3人,家族,韓国式サムギョプサル（豚バラ肉）の焼肉。テーブル中央に円形の鉄板グリルを囲み、キムチ、ナムル、テンジャンチゲ、サンチュ、各種バンチャン（副菜）が多数並ぶ本格韓国BBQスタイル。,https://hakuhodo-hill.com/glpe/photos/scenes-of-meals/webp/3人,,#C0392B,#E8D5B7,#4A7C3F,#8B6914,#F5F0E8,#D4534A,#B8860B,1800,18,8.5,2400,1650,95,88,95,12,2,韓国料理,,
579,PH,マンダルヨン,男性,23歳,"PHP 50,000 - PHP 59,999",2,未婚,いない,営業・販売職（セールスマン、店員など）,2人,家族,フィリピンスタイルのチャーハン（黄色いフライドライス）を中心に、ルンピア（揚げ春巻き）、シウマイ（揚げ焼売）、ディムサム類、唐辛子酢ソース、カラマンシー（小型ライム）を添えた定番フィリピンローカル料理のセット。,https://hakuhodo-hill.com/glpe/photos/scenes-of-meals/webp/2人,,#E8A020,#C8651A,#8B6914,#F5E642,#5A7A3A,#D4C090,#3B3B3B,1800,18,9,980,2100,72,88,268,9,4,伝統ローカル料理,,
580,PH,マリキナ,男性,24歳,"PHP 40,000 - PHP 44,999",2,未婚,いない,事務職（教員も含む）,4人以上,友達,韓国スタイルの辛い鍋料理（トッポギ・餃子・春雨入り）とフライドチキンのビュッフェセット。茹で卵と赤いドリンクも添えられている。,https://hakuhodo-hill.com/glpe/photos/scenes-of-meals/webp/4人以上,,#C0392B,#E8C49A,#8B4513,#F5DEB3,#2C2C2C,#D4AC0D,#F0F0F0,1200,28,5.8,820,1450,52,48,185,8,2,韓国料理,,
581,PH,マカティ,男性,24歳,"PHP 20,000 - PHP 24,999",1,未婚,いない,技術職（エンジニア、プログラマーなど）,2人,恋人・配偶者,ジョリビーのチキンジョイ（フライドチキン）とライス、バーガーステーキ（グレービーソースとナッツがけのハンバーグ）とパックライスのセット。フィリピンを代表するファストフードチェーンの定番メニュー。,https://hakuhodo-hill.com/glpe/photos/scenes-of-meals/webp/2人,,#F5F0E8,#C8860A,#8B4513,#D4A017,#F5DEB3,#8B0000,#FFFFFF,650,8,3.2,520,920,42,35,108,2,2,伝統ローカル料理,,
582,PH,マニラ,男性,25歳,"PHP 40,000 - PHP 44,999",2,未婚,いない,家業手伝い：商店,2人,友達,イエローキャブピザのセットメニュー。ペパロニピザ1スライス、クリームソースのスパゲティ（オリーブ・チキン入り）、テリヤキ風チキン、ガーリックトーストにクリームがけ。コーラとグリーンレモネード付き。,https://hakuhodo-hill.com/glpe/photos/scenes-of-meals/webp/2人,,#C8A882,#8B0000,#F5F5DC,#4A3728,#2D5A1B,#D4D4D4,#F4E04D,680,18,4.2,620,1150,48,42,138,6,2,洋食,,
583,PH,マニラ,男性,26歳,"PHP 45,000 - PHP 49,999",2,未婚,いる,無職,2人,友達,"### Description
The image shows a meal served in a red compartmentalized tray with two additional dessert cups. The tray contains pasta with a creamy sauce, a sandwich with fries, and a small portion of coleslaw. The dessert cups appear to contain layered desserts, possibly mousse or pudding.

### Ingredients
- Pasta: Likely includes pasta, creamy sauce (possibly Alfredo), and possibly chicken or ham.
- Sandwich: Bread, possibly cheese or ham.
- Fries: Potatoes, oil, salt.
- Coleslaw: Cabbage, carrots, mayonnaise or dressing.
- Desserts: Likely include layers of cream, chocolate, or fruit.

### Estimated Nutrients (Approximate)
- Calories: 800-1000 kcal
- Protein: 20-30g
- Carbohydrates: 100-120g
- Fats: 30-40g

### Plate Counts
- Main Tray: 1
- Dessert Cups: 2

### Main Colors of Food (HTML Color Codes)
- Creamy White (Pasta Sauce): #F5F5DC
- Golden Brown (Fries): #D2B48C
- Light Brown (Bread): #F5DEB3
- White (Coleslaw and Cream): #FFFFFF
- Chocolate Brown (Dessert): #8B4513

This meal combines savory and sweet elements, offering a variety of textures and flavors.",https://hakuhodo-hill.com/glpe/photos/scenes-of-meals/webp/2人,,#F5F5DC,#D2B48C,#F5DEB3,#FFFFFF,#8B4513,,,450,70,4.5,370,800,20,30,100,10,1,洋食,,
584,PH,バレンズエラ,男性,26歳,"PHP 40,000 - PHP 44,999",2,未婚,いる,高校生、浪人生,1人,自分,透明な春雨（sotanghon）を炒めたフィリピン料理。醤油ベースのソースで炒められ、黄金色に仕上がったグラスヌードル。パンシット・ソタンゴンと思われる軽食・おやつ向けの一品。,https://hakuhodo-hill.com/glpe/photos/scenes-of-meals/webp/1人,,#C8A84B,#8B7355,#D4B896,#F5F0E8,#6B5B3E,#A89070,#E8DCC8,180,3,1.8,85,210,4,5,38,1,1,伝統ローカル料理,,
585,PH,カローカン,男性,30歳,"PHP 40,000 - PHP 44,999",2,未婚,いない,技術職（エンジニア、プログラマーなど）,1人,恋人・配偶者,シシグ（Sisig）：豚の頭肉や耳などを細かく刻み、玉ねぎ・唐辛子と共に鉄板で炒めたフィリピン伝統料理。表面はカリッと焼き上げられ、酸味と旨味が特徴的なビールのおつまみとして人気。,https://hakuhodo-hill.com/glpe/photos/scenes-of-meals/webp/1人,,#C4A882,#8B6914,#D4B896,#4CAF50,#F5F5F5,#A0522D,#E8D5B0,200,2,2.8,380,320,22,22,8,1,1,伝統ローカル料理,,
586,PH,マカティ,男性,30歳,"PHP 50,000 - PHP 59,999",2,既婚,いる,高校生、浪人生,1人,恋人・配偶者,"This image shows a dish that appears to be a type of noodle dish, possibly pancit, commonly found in Filipino cuisine. 

### Ingredients:
- Noodles
- Soy sauce
- Vegetables (such as carrots, cabbage)
- Lime or calamansi
- Meat or seafood (optional)

### Estimated Nutrients (per serving):
- Calories: 250-350 kcal
- Protein: 10-15g
- Carbohydrates: 40-50g
- Fat: 5-10g

### Plate Counts:
- 2 round trays
- 2 rectangular trays

### Main Colors of Food:
- Noodles: #D2B48C (Tan)
- Lime: #C4D300 (Lime Green)

This is a rough estimate and can vary based on specific ingredients and preparation methods.",https://hakuhodo-hill.com/glpe/photos/scenes-of-meals/webp/1人,,#D2B48C,#C4D300,,,,,,165,8,4.6,420,250,10,5,40,4,1,伝統ローカル料理,,
587,PH,マニラ,男性,31歳,"PHP 70,000 - PHP 79,999",2,未婚,いない,技術職（エンジニア、プログラマーなど）,1人,自分,弁当箱スタイルの定食。照り焼きサーモン（胡麻がけ）、エビ天ぷら、白米（黒胡麻）、キャベツサラダ、味噌汁、醤油ダレ付き。デザート小カップ2個も付属。,https://hakuhodo-hill.com/glpe/photos/scenes-of-meals/webp/1人,,#C0392B,#F5F5DC,#D4A017,#8B4513,#90EE90,#F4A460,#2C3E50,750,18,3.8,820,920,42,28,118,6,2,和食,,
588,PH,ケソン,男性,31歳,"PHP 12,500 - PHP 14,999",1,未婚,いない,事務職（教員も含む）,2人,恋人・配偶者,フィリピンのファストフードチェーン「ジョリビー」の朝食セット。フライドポテト、白米、グレービーソースがけのミート、コーラ飲料、ハンバーガー包み紙が並ぶ典型的なジョリビーミール。,https://hakuhodo-hill.com/glpe/photos/scenes-of-meals/webp/2人,,#F5C842,#FFFFFF,#3B1F0A,#C8A87A,#D4392A,#8B7355,#F0EAD6,750,38,3.8,820,1050,22,32,165,4,1,伝統ローカル料理,,
589,PH,タギグ,男性,34歳,"PHP 45,000 - PHP 49,999",2,既婚,いる,会社団体役員,1人,自分,白米、揚げ魚（バンガス/サバ系）、豆腐、野菜炒め（インゲン・かぼちゃ・きのこ）、甘酢炒め、薄い野菜スープなどフィリピン家庭料理の定番が並ぶ豪勢な食卓,https://hakuhodo-hill.com/glpe/photos/scenes-of-meals/webp/1人,,#F5F0E8,#8B6914,#4A7C3F,#F4A460,#D2691E,#FFD700,#C41E3A,2800,18,9.5,2400,1850,85,52,260,18,4,伝統ローカル料理,,
590,PH,パシグ,男性,35歳,"PHP 70,000 - PHP 79,999",2,未婚,いない,技術職（エンジニア、プログラマーなど）,4人以上,家族,"This image shows a piece of dried fish being held above a small bowl of dipping sauce. There is also a pitcher of orange liquid in the background.

Ingredients:
- Dried fish
- Dipping sauce (possibly vinegar, chili, or soy sauce)
- Orange liquid (possibly juice or sauce)

Estimated Nutrients (per serving):
- Calories: 150
- Protein: 20g
- Fat: 5g
- Carbohydrates: 5g

Plate Counts:
- 1 small bowl
- 1 pitcher

Main Colors of Food:
- Dried fish: #8B4513 (SaddleBrown)
- Dipping sauce: #FFA500 (Orange)
- Orange liquid: #FF8C00 (DarkOrange)",https://hakuhodo-hill.com/glpe/photos/scenes-of-meals/webp/4人以上,,#8B4513,#FFA500,#FF8C00,,,,,90,1,4.1,470,150,20,5,5,0.5,1,伝統ローカル料理,,
591,PH,マカティ,男性,38歳,"PHP 30,000 - PHP 34,999",2,既婚,いる,管理職（課長クラス以上）,1人,自分,"The image shows a variety of foods on a table. Here's a description:

1. Flan (Caramel Custard)
   - Ingredients: Eggs, milk, sugar, vanilla extract, caramel.
   - Estimated Nutrients: 
     - Calories: ~300 per serving
     - Protein: ~6g
     - Carbs: ~40g
     - Fat: ~12g
   - Main Colors: 
     - Caramel Brown (#8B4513)
     - Cream (#FFFDD0)

2. Grilled Shrimp
   - Ingredients: Shrimp, garlic, butter, lemon, herbs.
   - Estimated Nutrients: 
     - Calories: ~200 per serving
     - Protein: ~24g
     - Carbs: ~0g
     - Fat: ~10g
   - Main Colors: 
     - Pink (#FFC0CB)
     - Orange (#FFA500)

3. Foil-Wrapped Grilled Fish
   - Ingredients: Fish, lemon, herbs, spices.
   - Estimated Nutrients: 
     - Calories: ~250 per serving
     - Protein: ~30g
     - Carbs: ~0g
     - Fat: ~12g
   - Main Colors: 
     - Silver (Foil) (#C0C0C0)
     - White (#FFFFFF)

4. Scrambled Eggs
   - Ingredients: Eggs, butter, salt, pepper.
   - Estimated Nutrients: 
     - Calories: ~150 per serving
     - Protein: ~12g
     - Carbs: ~1g
     - Fat: ~10g
   - Main Colors: 
     - Yellow (#FFFF00)
     - White (#FFFFFF)

5. Chocolate Cake
   - Ingredients: Flour, cocoa powder, sugar, eggs, butter.
   - Estimated Nutrients: 
     - Calories: ~400 per serving
     - Protein: ~5g
     - Carbs: ~50g
     - Fat: ~20g
   - Main Colors: 
     - Dark Brown (#654321)
     - Black (#000000)

Plate Count: Approximately 6 plates visible.

These are rough estimates and the actual nutritional content can vary based on specific recipes and portion sizes.",https://hakuhodo-hill.com/glpe/photos/scenes-of-meals/webp/1人,,#8B4513,#FFFDD0,#FFC0CB,#FFA500,#C0C0C0,#FFFFFF,#FFFF00,174,8,2.5,400,300,6,12,40,4,3,伝統ローカル料理,,
592,PH,マカティ,男性,38歳,"PHP 100,000 - PHP 149,999",3,既婚,いる,管理職（課長クラス以上）,3人,家族,ラムのローガンジョシュ（カシミール風カレー）とバスマティライス。スパイシーな赤いカレーソースに柔らかく煮込んだラム肉、揚げ玉ねぎとパクチーを添えた白米との組み合わせ。,https://hakuhodo-hill.com/glpe/photos/scenes-of-meals/webp/3人,,#8B2500,#F5F0E0,#C4762A,#4A3728,#6B8E23,#D4A017,#F8F4EF,650,6,3.2,820,780,38,28,92,4,1,多国籍料理,,
593,PH,ケソン,男性,38歳,"PHP 80,000 - PHP 99,999",3,未婚,いる,管理職（課長クラス以上）,1人,自分,フィリピン家族パーティー料理。パンシット（麺料理）、ルンピア（春巻き）、アドボ風肉煮込み、チチャロン（豚皮揚げ）、シシグ風料理など複数のフィリピン伝統料理が並ぶ豪華な宴会料理。コーラやエンペラドール（ブランデー）も見える。,https://hakuhodo-hill.com/glpe/photos/scenes-of-meals/webp/1人,,#C8A96E,#8B4513,#F5DEB3,#D2691E,#A0522D,#F4A460,#FFFACD,4500,35,28,3200,4800,180,220,420,18,8,伝統ローカル料理,,
594,PH,ケソン,男性,39歳,"PHP 70,000 - PHP 79,999",2,既婚,いる,事務職（教員も含む）,4人以上,家族,グリルマークが入ったトーストサンドイッチ（パニーニ風）にレタスとチーズを挟み、クリスピーなフライドポテト添え。ケチャップとコールスローがサイドに付く洋風メニュー。,https://hakuhodo-hill.com/glpe/photos/scenes-of-meals/webp/4人以上,,#C8860A,#F5C842,#2D5A1B,#8B4513,#1C1C1C,#F0E0C0,#B22222,550,6,2.8,820,780,22,35,95,5,1,洋食,,
595,PH,カローカン,男性,42歳,"PHP 40,000 - PHP 44,999",2,未婚,いない,大学生（短大含む）、高専生、大学院生,1人,家族,缶詰のロースボウルゴールドサーディン（トマトソース漬け、425g）とフワフワエブリデイブレッド（食パン、大判スライス）。フィリピンの定番朝食で、パンにサーディンを乗せて食べるスタイル。,https://hakuhodo-hill.com/glpe/photos/scenes-of-meals/webp/1人,,#C0392B,#1C1C1C,#F5DEB3,#E8E0D0,#8B4513,#D4AC0D,#F0F0F0,550,12,3.8,680,620,32,18,72,4,4,伝統ローカル料理,,
596,PH,ムンテンルーパ,男性,42歳,"PHP 50,000 - PHP 59,999",2,未婚,いない,自由業、専門職（医者、弁護士など）,4人以上,家族,タバグワン（巻き貝のスパイス炒め）とライング（タロイモの葉のココナッツミルク煮込み）。濃い茶色の小巻き貝に青菜とチリが絡まり、スパイシーな仕上がり。フィリピン伝統の家庭料理でクリスマスの祝宴料理。,https://hakuhodo-hill.com/glpe/photos/scenes-of-meals/webp/4人以上,,#6B2D1A,#4A7A3A,#8B4513,#2D5A1B,#C0392B,#A0522D,#3D6B35,1200,4,8,980,520,42,28,18,6,6,伝統ローカル料理,,
597,PH,マカティ,男性,42歳,"PHP 70,000 - PHP 79,999",2,既婚,いる,技術職（エンジニア、プログラマーなど）,4人以上,家族,ロールキャベツ。キャベツの葉に挽肉を包んで丸めたものをトマトと共に鍋で煮込んだ料理。肉の赤みが透けて見え、トマトスライスが添えられている。,https://hakuhodo-hill.com/glpe/photos/scenes-of-meals/webp/4人以上,,#C8DBA0,#F5F0E8,#E8453C,#D4C9B8,#8B1A1A,#F0EDE0,#2B2B2B,900,8,3.2,980,520,34,28,32,6,3,洋食,,
598,PH,パラニャケ,男性,42歳,"PHP 100,000 - PHP 149,999",3,未婚,いる,技術職（エンジニア、プログラマーなど）,3人,家族,インスタント味噌スープにカニカマ、わかめ、ネギ、麩を加えたアレンジスープ。赤と白のカニカマが目立ち、醤油ベースの澄んだスープに複数の具材が浮かぶ,https://hakuhodo-hill.com/glpe/photos/scenes-of-meals/webp/3人,,#E8B4A0,#C41E3A,#F5F5F5,#4A7C59,#8B6914,#D4C5A9,#2C1810,300,2.5,2.8,280,95,6.5,1.8,12,1.2,1,和食,,
599,PH,サン・フアン,男性,45歳,"PHP 50,000 - PHP 59,999",2,未婚,いない,管理職（課長クラス以上）,1人,自分,スターバックスのエッグ＆ベーコンサンドイッチ（半分食べかけ）とホットコーヒー。チーズ入りスクランブルエッグとベーコンをソフトロールに挟んだ朝食メニュー。,https://hakuhodo-hill.com/glpe/photos/scenes-of-meals/webp/1人,,#C8A882,#F5E6C8,#8B6914,#E8D5A3,#F0F0F0,#4A3728,#D4AA70,280,8,1.8,220,480,22,24,42,1.5,1,洋食,,
600,PH,タギグ,男性,46歳,"PHP 150,000 or more",3,既婚,いない,自由業、専門職（医者、弁護士など）,1人,自分,フィリピン風ビビンバまたはコリアンインスパイアのライスボウル。目玉焼き2〜3個、焼き肉（牛・豚）、キムチ炒飯、レタス、千切りニンジンをトッピングした2人分のプレート。マカティのレストランで提供された夕食。,https://hakuhodo-hill.com/glpe/photos/scenes-of-meals/webp/1人,,#F4A825,#FFFFFF,#4CAF50,#E8722A,#8B4513,#F5A623,#D32F2F,950,8,3.8,820,780,38,32,85,5,2,韓国料理,,
601,PH,タギグ,男性,46歳,"PHP 150,000 or more",3,既婚,いない,自由業、専門職（医者、弁護士など）,2人,恋人・配偶者,チーズケーキのスライス、シーフード盛り合わせ（エビ、サーモン、レモン添え）、クランブルデザート、エスプレッソとカプチーノのコーヒー類。フィリピンのカジュアルダイニングレストランでの2人分ランチセット。,https://hakuhodo-hill.com/glpe/photos/scenes-of-meals/webp/2人,,#F5DEB3,#8B4513,#FF6B35,#2D5A27,#F0E68C,#8B8B6B,#1C1C1C,850,38,3.8,920,1240,52,48,95,6,2,多国籍料理,,
602,PH,ケソン,男性,47歳,"PHP 20,000 - PHP 24,999",1,既婚,いる,個人経営主、農業主,2人,恋人・配偶者,フィリピン家庭の夕食。揚げ魚（エスカベチェ風）にニンジンのソース、ベーコン巻き野菜、炒め物、海老スープ、イチゴ・メロン・ナシの果物盛り合わせなど、多彩な家庭料理が並ぶ家族の集まり用ごちそう,https://hakuhodo-hill.com/glpe/photos/scenes-of-meals/webp/2人,,#E8732A,#4A7C3F,#D94F3D,#F5C842,#8B4513,#F0E68C,#C8A882,3500,45,12,3200,1850,95,72,180,22,6,伝統ローカル料理,,
603,PH,タギグ,男性,49歳,"PHP 100,000 - PHP 149,999",3,未婚,いない,管理職（課長クラス以上）,4人以上,家族,エビの天ぷら2本と天かすや野菜を混ぜた料理が和食器に盛られている。サクサクした衣の揚げ物と、天かすサラダ風の副菜、つけダレ付き。,https://hakuhodo-hill.com/glpe/photos/scenes-of-meals/webp/4人以上,,#F5D28A,#E8B86D,#D4956A,#F5F0E8,#2B4BA0,#C8A882,#8B6914,380,6,2.8,420,520,22,28,48,2.5,1,和食,,
604,PH,パラニャケ,男性,49歳,"PHP 17,500 - PHP 19,999",1,既婚,いる,サービス業（理容師、運転手など）,1人,友達,白米の上にキャベツ、もやし、にんじんなどの野菜を炒めたものをのせたフィリピン家庭料理。シンプルな野菜炒めをご飯にかけたスタイルで、日常的な昼食として一般的。,https://hakuhodo-hill.com/glpe/photos/scenes-of-meals/webp/1人,,#F5F5F0,#8FBC6A,#E8943A,#C8D4A0,#D4C890,#B8C4A8,#F0EDE0,380,4,1.2,420,390,7,6,75,4,1,伝統ローカル料理,,
605,PH,ラス・ピニャス,男性,53歳,"PHP 45,000 - PHP 49,999",2,既婚,いる,個人経営主、農業主,1人,自分,サーモン照り焼き丼（ご飯の上にサーモン照り焼き、コーン、人参しりしり、ブロッコリー、白ごまをトッピング）と木桶に入った温かいうどん（青ネギ、パクチー、白ごま入り）、赤い小鉢の付け合わせスープのセット。,https://hakuhodo-hill.com/glpe/photos/scenes-of-meals/webp/1人,,#D2691E,#F4A460,#FFD700,#228B22,#F5F5DC,#8B4513,#FF6347,750,12,4.5,980,820,42,22,105,7,1,和食,,
606,PH,ラス・ピニャス,男性,54歳,"PHP 100,000 - PHP 149,999",3,既婚,いる,管理職（課長クラス以上）,1人,友達,セサミバンズにパティとトマトソース、野菜を挟んだハンバーガー。クリンクルカットフライを添えた洋風家庭料理。アメリカ国旗のピックが飾られている。,https://hakuhodo-hill.com/glpe/photos/scenes-of-meals/webp/1人,,#C8A96E,#D4522A,#F5C842,#8B4513,#2E7D32,#F0E68C,#FFFFFF,650,8,2.8,820,780,28,35,88,6,1,洋食,,
607,PH,カローカン,男性,57歳,"PHP 60,000 - PHP 69,999",2,既婚,いる,事務職（教員も含む）,1人,家族,フィリピン風スパゲッティ。トマトベースの甘めのソースに麺を絡めたもの。フィリピンでは誕生日などの祝い事に定番の家庭料理で、甘口のトマトソースが特徴的。プラスチック容器に入っている。,https://hakuhodo-hill.com/glpe/photos/scenes-of-meals/webp/1人,,#C0392B,#E8C49A,#F39C12,#8B4513,#D35400,#FAD7A0,#922B21,350,12,1.8,380,520,14,16,78,4,1,伝統ローカル料理,,
608,PH,マンダルヨン,男性,58歳,"PHP 100,000 - PHP 149,999",3,既婚,いる,個人経営主、農業主,1人,家族,ルンピアン・サリーワ（フィリピン風生春巻き）。薄い米粉の皮に野菜や豚肉を包み、バーニャック（砕いたピーナッツ）をたっぷりかけ、甘辛いソースを添えた伝統料理。,https://hakuhodo-hill.com/glpe/photos/scenes-of-meals/webp/1人,,#D4A857,#C8873A,#F0E0A0,#8B5E2A,#E8C97A,#B8860B,#F5F0DC,250,18,1.2,320,320,12,10,45,3,1,伝統ローカル料理,,
609,PH,パサイ,男性,59歳,"PHP 80,000 - PHP 99,999",3,既婚,いる,技術職（エンジニア、プログラマーなど）,1人,恋人・配偶者,グリルチキンにペストソースをかけ、ローストポテト添え。付け合わせにブロッコリー、黄・赤パプリカ、ニンジンなどの彩り豊かな野菜とレモンバタービネグレットソース付き。,https://hakuhodo-hill.com/glpe/photos/scenes-of-meals/webp/1人,,#C8853A,#4CAF50,#F4C430,#E8472A,#8B6914,#FFFFFF,#2D5A1B,550,6,2.8,980,620,52,28,38,7,1,洋食,,
610,PH,タギグ,女性,18歳,"PHP 12,500 - PHP 14,999",1,未婚,いない,大学生（短大含む）、高専生、大学院生,1人,恋人・配偶者,チーズソースがたっぷりかかったライスボウル。黄色いターメリックライスの上に揚げた鶏肉やクリスピーな具材を乗せ、濃厚なチェダーチーズソースとドライハーブをトッピングしたフィリピン風チーズライスボウル。,https://hakuhodo-hill.com/glpe/photos/scenes-of-meals/webp/1人,,#F5A623,#F0C040,#FFFFFF,#C8860A,#D4A017,#8B6914,#F7E0A0,380,4,2.8,320,620,28,28,65,1.5,1,伝統ローカル料理,,
611,PH,マニラ,女性,19歳,"PHP 80,000 - PHP 99,999",3,未婚,いない,専門学校生,1人,友達,生の牛または豚のひき肉と角切りにしたジャガイモを合わせた料理。フィリピンの家庭料理「ギナリン」または「ピカディージョ」の調理途中と思われる。汁気があり、玉ねぎも見える。,https://hakuhodo-hill.com/glpe/photos/scenes-of-meals/webp/1人,,#8B2252,#C0856A,#D4B896,#F5E6D0,#A0522D,#E8D5B7,#6B1A1A,600,3,2.5,980,520,38,28,22,2,4,伝統ローカル料理,,
612,PH,マリキナ,女性,19歳,"PHP 45,000 - PHP 49,999",2,未婚,いない,専門学校生,4人以上,家族,焼きバナナ（サババナナ）にチーズをかけたフィリピン風スナック。バナナをオーブンまたはフライパンで焼き、溶かしバターとすりおろしチーズをトッピング。甘くてクリーミーな間食。,https://hakuhodo-hill.com/glpe/photos/scenes-of-meals/webp/4人以上,,#D4A017,#F5E6A3,#C8A96E,#FFFDE7,#8B6914,#F0D060,#E8C840,200,18,0.4,420,280,5,12,40,2.5,1,伝統ローカル料理,,
613,PH,バレンズエラ,女性,19歳,"PHP 70,000 - PHP 79,999",2,未婚,いない,大学生（短大含む）、高専生、大学院生,1人,自分,パンシット（フィリピン風焼きそば）、酢豚（スイートチリソースで絡めた揚げ肉）、白米、エビ料理、クラッカー（プートック）を盛り合わせたフィリピンの中華食堂スタイルの一皿,https://hakuhodo-hill.com/glpe/photos/scenes-of-meals/webp/1人,,#C8A951,#F5F5F0,#8B2500,#D4A017,#F0EAD6,#6B3A2A,#E8D5B0,650,18,3.8,520,920,32,28,135,5,1,伝統ローカル料理,,
614,PH,マニラ,女性,19歳,"PHP 30,000 - PHP 34,999",2,未婚,いない,高校生、浪人生,1人,家族,シニガン・スープ。タマリンドベースの酸味のあるスープに青菜（カングコン）、トマト、肉（豚肉）が入ったフィリピンの伝統的なサワースープ料理。透明感のある薄茶色のブロスが特徴的。,https://hakuhodo-hill.com/glpe/photos/scenes-of-meals/webp/1人,,#8B7355,#4A6741,#C47E6B,#D4B896,#3D5C3A,#B8956A,#F0E8D8,400,3,2.8,620,185,14,8,12,3,1,伝統ローカル料理,,
615,PH,マカティ,女性,21歳,"PHP 20,000 - PHP 24,999",1,未婚,いない,事務職（教員も含む）,1人,自分,フィリピンの大晦日の夕食。タマル（バナナの葉包み）、ソセージ（ホットドッグ）、フルーツバスケット（みかん・かぼす・ぶどう）、トマトベースのサルサ、餅菓子、アルミホイル包み料理、Red Ribbonのケーキなど祝い膳が並ぶ,https://hakuhodo-hill.com/glpe/photos/scenes-of-meals/webp/1人,,#C0392B,#E67E22,#F1C40F,#27AE60,#8E44AD,#ECF0F1,#2C3E50,3500,85,12,2800,3200,95,110,420,22,5,伝統ローカル料理,,
616,PH,ケソン,女性,22歳,"PHP 30,000 - PHP 34,999",2,未婚,いない,営業・販売職（セールスマン、店員など）,4人以上,家族,ソールズベリーステーキ（ハンバーグ）にマッシュルームグレービーソースをかけ、白米、目玉焼き2個、にんじん・いんげん・ベビーコーンの付け合わせを添えたフィリピン風洋食プレート,https://hakuhodo-hill.com/glpe/photos/scenes-of-meals/webp/4人以上,,#F5F0E8,#E8A030,#FAFAFA,#8B6914,#5A8A3C,#E85020,#F0D060,550,6,2.8,620,720,32,28,82,4,1,伝統ローカル料理,,
617,PH,マニラ,女性,22歳,"PHP 20,000 - PHP 24,999",1,未婚,いない,事務職（教員も含む）,1人,友達,フィリピン風混合麺料理。醤油ベースのソースで和えた中華麺に、カリカリに揚げた豚肉（レチョン・カワリ風）、牛肉の煮込み、うずらの卵をトッピング。マニラのフードコート定番の一品。,https://hakuhodo-hill.com/glpe/photos/scenes-of-meals/webp/1人,,#8B4513,#D2691E,#F5DEB3,#2F1B0E,#C4A35A,#FFFACD,#6B3A2A,450,8,3.2,520,780,38,32,85,3,1,伝統ローカル料理,,
618,PH,マリキナ,女性,23歳,"PHP 30,000 - PHP 34,999",2,未婚,いない,無職,1人,家族,クリスマスパーティー用の注文料理。ダンキンドーナツのカラフルなドーナツ複数箱、フライドチキン2箱、具材たっぷりの大型ピザ（ペパロニ・ハム・オリーブ・コーン・ピーマントッピング）のセット。,https://hakuhodo-hill.com/glpe/photos/scenes-of-meals/webp/1人,,#F5DEB3,#8B4513,#FF69B4,#2F2F2F,#D2691E,#FFD700,#CC0000,4500,180,18,2200,8500,320,420,780,22,8,多国籍料理,,
619,PH,マニラ,女性,23歳,"PHP 40,000 - PHP 44,999",2,未婚,いる,管理職（課長クラス以上）,4人以上,家族,殻付きのまま炒めたエビ料理。オレンジ色に火が通り、頭部・触角・殻がそのままの状態で白い皿に盛られている。シンプルな塩炒めまたはバター炒めと思われる家庭料理。,https://hakuhodo-hill.com/glpe/photos/scenes-of-meals/webp/4人以上,,#E8834A,#D4622A,#F2A96E,#C8B89A,#FFFFFF,#8B4513,#F5DEB3,250,0.5,1.8,420,210,28,8,2,0,2,伝統ローカル料理,,
620,PH,パラニャケ,女性,27歳,"PHP 80,000 - PHP 99,999",3,未婚,いない,自由業、専門職（医者、弁護士など）,2人,家族,ビコ（Biko）はフィリピンの伝統的なカカニン（米菓子）。もち米（マラキット）をココナッツミルクと黒糖で炊き上げた甘くて濃厚なデザート。表面はカラメル状に光沢があり、深いこげ茶色が特徴的。,https://hakuhodo-hill.com/glpe/photos/scenes-of-meals/webp/2人,,#2C1A0E,#3D2010,#4A2815,#1A0F08,#5C3520,#6B4025,#8B5E3C,600,72,0.8,420,980,12,28,168,3,6,伝統ローカル料理,,
621,PH,マニラ,女性,27歳,"PHP 50,000 - PHP 59,999",2,未婚,いる,技術職（エンジニア、プログラマーなど）,4人以上,家族,ピザハットのベーコンと緑ピーマン、玉ねぎ、モッツァレラチーズをトッピングしたトマトソースベースのピザ。チーズはこんがりと焼かれ、クラストは薄めでサクサクした食感。,https://hakuhodo-hill.com/glpe/photos/scenes-of-meals/webp/4人以上,,#D4A84B,#C8392B,#4CAF50,#F5E6C8,#8B4513,#F0E68C,#A0522D,600,12,3.8,520,1480,62,58,178,8,2,洋食,,
622,PH,ケソン,女性,27歳,"PHP 20,000 - PHP 24,999",1,未婚,いない,その他,2人,恋人・配偶者,フィリピンの伝統的なお粥「アロスカルド」または「チャンポラード」風のライスポリッジ。茹で卵、揚げ豆腐、カラマンシー、フライドガーリック、青ネギをトッピングした温かい一品。,https://hakuhodo-hill.com/glpe/photos/scenes-of-meals/webp/2人,,#F5F0DC,#2C2C2C,#8B7355,#4CAF50,#F4D03F,#FAFAFA,#C8A96E,450,2,2.5,380,420,18,14,52,2,1,伝統ローカル料理,,
623,PH,パサイ,女性,32歳,"PHP 80,000 - PHP 99,999",3,既婚,いる,管理職（課長クラス以上）,1人,自分,白米にコーン、豆腐または魚のすり身、エビとトウモロコシの煮込み料理を組み合わせたフィリピンの家庭料理。シンプルでヘルシーな食卓。,https://hakuhodo-hill.com/glpe/photos/scenes-of-meals/webp/1人,,#F5F5F0,#F4D03F,#D4AC8A,#F0A500,#E8E8E8,#C0392B,#8B7355,1200,12,3.5,820,680,28,8,118,7,3,伝統ローカル料理,,
624,PH,マニラ,女性,32歳,"PHP 60,000 - PHP 69,999",2,既婚,いる,管理職（課長クラス以上）,3人,家族,フライドチキン2ピース（カリカリの衣付き）、ドーム型白米、グレービーソース添えのフィリピン風ローカルセット。シンプルながら定番の組み合わせ。,https://hakuhodo-hill.com/glpe/photos/scenes-of-meals/webp/3人,,#D4A96A,#F5F0E8,#C8955A,#F2EDD7,#8B6914,#FFFFFF,#A0522D,550,2,2.8,520,780,42,32,78,1.5,1,伝統ローカル料理,,
625,PH,マニラ,女性,33歳,"PHP 10,000 - PHP 12,499",1,未婚,いる,技術職（エンジニア、プログラマーなど）,1人,自分,インスタントヌードルを鍋で茹でた料理。茶色いスープにウェーブ状の黄色い麺が浸かっており、家庭で自炊されたシンプルな一品。お玉で混ぜている様子。,https://hakuhodo-hill.com/glpe/photos/scenes-of-meals/webp/1人,,#C4853A,#D4A855,#E8C87A,#8B5E3C,#F0D9A0,#B0AFAD,#4A3728,400,3,2.5,180,380,9,14,55,1.5,1,伝統ローカル料理,,
626,PH,カローカン,女性,33歳,"PHP 50,000 - PHP 59,999",2,既婚,いる,自由業、専門職（医者、弁護士など）,1人,家族,フィリピンの誕生日祝いの食卓。レチョン（丸焼き豚）、アドボ風煮込み、野菜炒め、シシグ風肉料理、白米2皿など伝統的なフィリピン家庭料理が並ぶ豪華な祝膳。,https://hakuhodo-hill.com/glpe/photos/scenes-of-meals/webp/1人,,#F5F0E8,#8B4513,#D2691E,#556B2F,#F4A460,#C0392B,#F8F8F2,4500,18,28,3800,4200,180,165,480,22,8,伝統ローカル料理,,
627,PH,パラニャケ,女性,33歳,"PHP 70,000 - PHP 79,999",2,未婚,いない,事務職（教員も含む）,4人以上,家族,スパイシーサーモン巻き寿司。酢飯の上にスパイシーなサーモンとスパイシーマヨネーズソースをのせ、ワンタンチップを添えた創作寿司ロール。ピンク生姜とわさびを添えて提供。,https://hakuhodo-hill.com/glpe/photos/scenes-of-meals/webp/4人以上,,#F5F0E8,#D4A843,#C8B89A,#8B4513,#F4C430,#2D5016,#F8F8F0,280,8,2.8,420,480,22,18,58,2,1,和食,,
628,PH,マニラ,女性,35歳,"PHP 45,000 - PHP 49,999",2,既婚,いる,専業主婦・主夫,1人,恋人・配偶者,フィリピン風チキンカレー。ターメリックやスパイスで黄金色に染まったカレーソースに鶏肉とトマトが入り、ご飯と一緒に盛り付けられた家庭料理。,https://hakuhodo-hill.com/glpe/photos/scenes-of-meals/webp/1人,,#D4A017,#F0C040,#FFFFFF,#C0392B,#8B6914,#E8B84B,#F5DEB3,400,5,2.5,520,480,28,22,45,3,2,伝統ローカル料理,,
629,PH,ケソン,女性,35歳,"PHP 80,000 - PHP 99,999",3,未婚,いる,技術職（エンジニア、プログラマーなど）,2人,恋人・配偶者,フィリピンの年越し祝いの大皿料理。ルンピア、アドボ、パンシット・カントン、チョコレートケーキ、卵、フルーツ盛り合わせ、レチョン・マンok、ドリンク類など多彩な料理が並ぶ家族の祝宴テーブル。,https://hakuhodo-hill.com/glpe/photos/scenes-of-meals/webp/2人,,#8B4513,#FF6347,#F5DEB3,#228B22,#FFD700,#DC143C,#2E8B57,8500,180,45,4200,6800,320,280,720,48,10,伝統ローカル料理,,
631,PH,ケソン,女性,37歳,"PHP 50,000 - PHP 59,999",2,既婚,いる,家業手伝い：商店,4人以上,家族,牛肉とブロッコリー、ニンジン、玉ねぎを醤油ベースのソースで炒めたフィリピン風ビーフ野菜炒め。大きなステンレストレーに盛られたパーティー料理。,https://hakuhodo-hill.com/glpe/photos/scenes-of-meals/webp/4人以上,,#4A2C0A,#2D7A1F,#E8721A,#F5F0E0,#8B6914,#C8E6A0,#D4A853,3500,18,12,3200,2800,210,145,95,22,10,伝統ローカル料理,,
632,PH,マラボン,女性,39歳,"PHP 150,000 or more",3,既婚,いる,個人経営主、農業主,4人以上,家族,フィリピン式スパゲッティ（甘口トマトソース＋チーズ）、フライドチキン、フライドポテト、オレンジジュース、水のセット。2人分のブランチセットでファストフードチェーン風の盛り付け。,https://hakuhodo-hill.com/glpe/photos/scenes-of-meals/webp/4人以上,,#D4452A,#F5E6C8,#C8A040,#F4A830,#8B4513,#FFFACD,#A0522D,1100,38,4.2,820,1650,62,58,220,8,2,伝統ローカル料理,,
633,PH,マニラ,女性,40歳,"PHP 50,000 - PHP 59,999",2,既婚,いる,技術職（エンジニア、プログラマーなど）,2人,友達,ハッピーニューイヤーケーキ。バニラとキャラメルクリームで飾られた丸型スポンジケーキ。チョコレートとホワイトクリームのパイピング装飾と赤い文字のメッセージが特徴的。,https://hakuhodo-hill.com/glpe/photos/scenes-of-meals/webp/2人,,#F5E6C8,#C8813A,#E8352A,#FFF8F0,#D4A057,#8B5E3C,#FAFAFA,1200,180,2.5,420,3600,38,145,520,4,8,洋食,,
634,PH,パサイ,女性,41歳,"PHP 25,000 - PHP 29,999",2,未婚,いない,自由業、専門職（医者、弁護士など）,4人以上,家族,フィリピンの新年料理。パンシット（炒め麺）、アドボ、カレカレ、エビ料理、レチョン（豚の丸焼き）、白米、各種フルーツ（パイナップル、バナナ、ブドウ）、デザート（レチェフラン等）、サンミゲルビール、コカコーラなどが並ぶ豪華な家族の祝宴。,https://hakuhodo-hill.com/glpe/photos/scenes-of-meals/webp/4人以上,,#C8A882,#8B4513,#F4A460,#FFD700,#228B22,#DC143C,#F5F5DC,4500,85,28,3800,4200,180,145,520,32,4,伝統ローカル料理,,
635,PH,マカティ,女性,41歳,"PHP 100,000 - PHP 149,999",3,未婚,いない,無職,4人以上,家族,カラフルなトルティーヤチップスの上にシュレッドキャベツ、黒オリーブ、グリーンオリーブ、サワークリーム、チーズ、揚げ物をトッピングしたフィリピン風ナチョス・タコスプレート。陶器の皿に盛り付けられた豪華な一品。,https://hakuhodo-hill.com/glpe/photos/scenes-of-meals/webp/4人以上,,#D2691E,#F5F5DC,#2F4F4F,#8B4513,#FFFAFA,#6B8E23,#C0C0C0,650,8,3.2,620,780,28,42,72,7,2,洋食,,
636,PH,マリキナ,女性,42歳,"PHP 80,000 - PHP 99,999",3,既婚,いる,管理職（課長クラス以上）,2人,友達,フィリピンの家庭料理セット。揚げた豚肉（トントン/バゴン風）、炒めたキャベツと野菜の炒め物（ギサン・レポン）、揚げネギ入りのガーリックライス（シナガグ）、赤いフルーツジュース（スラブかバラモン）の組み合わせ。,https://hakuhodo-hill.com/glpe/photos/scenes-of-meals/webp/2人,,#F5DEB3,#8B6914,#7CB342,#F4F4F4,#C62828,#D2691E,#FFFFFF,750,8,4.5,920,920,38,42,95,7,2,伝統ローカル料理,,
637,PH,マニラ,女性,44歳,"PHP 50,000 - PHP 59,999",2,既婚,いる,その他,2人,恋人・配偶者,中華料理店での誕生日家族ディナー。チャーハン、スープ（シニガン風または野菜スープ）、カレー風味のシチュー、甘酢炒め、前菜など複数の料理が並ぶ豪華な中華系宴会料理。,https://hakuhodo-hill.com/glpe/photos/scenes-of-meals/webp/2人,,#F5E6A3,#8B4513,#4CAF50,#FFA500,#FFFFFF,#8B0000,#D4A017,2500,35,18,2800,2800,95,85,380,18,3,中華,,
638,PH,ケソン,女性,45歳,"PHP 150,000 or more",3,既婚,いる,技術職（エンジニア、プログラマーなど）,3人,家族,フィリピンのファストフード・テイクアウト。揚げカラマリ、チキンナゲット、モッツァレラスティック、シシグ、揚げ豆腐、チリソースなど複数の揚げ物料理が紙箱に盛られたパーティーセット,https://hakuhodo-hill.com/glpe/photos/scenes-of-meals/webp/3人,,#D4A253,#F5E6C8,#8B4513,#FFFFFF,#C0392B,#F0D090,#3D2B1F,2500,12,18,1800,3200,145,185,220,8,6,伝統ローカル料理,,
639,PH,ケソン,女性,46歳,"PHP 50,000 - PHP 59,999",2,未婚,いる,営業・販売職（セールスマン、店員など）,4人以上,家族,ラザニア：ミートソースと溶けたモッツァレラチーズが層になったパスタ料理。刻みパセリをトッピング。側にはプレーンのブレッドスティックが添えられている。グリニッジ（フィリピンのファストフードチェーン）で購入。,https://hakuhodo-hill.com/glpe/photos/scenes-of-meals/webp/4人以上,,#C0392B,#F1C40F,#F9F9F9,#27AE60,#E8A87C,#D4AC0D,#BDC3C7,350,6,2.1,420,480,22,20,52,3,1,洋食,,
640,PH,マカティ,女性,46歳,"PHP 12,500 - PHP 14,999",1,未婚,いる,大学生（短大含む）、高専生、大学院生,1人,家族,パンシット（炒め麺）、ルンピア（春巻き）、エビ、グリルチキン、コーン、シニガン風スープ、レモン添えなど、フィリピンの定番料理が並ぶ豪華な夕食の盛り合わせ。複数の皿に盛り付けられたフィリピン家庭料理の feast。,https://hakuhodo-hill.com/glpe/photos/scenes-of-meals/webp/1人,,#8B6914,#D4A853,#F5E6C8,#C0392B,#F4D03F,#7D6608,#FDFEFE,2500,18,12,2800,2800,120,85,320,18,4,伝統ローカル料理,,
641,PH,ラス・ピニャス,女性,46歳,"PHP 60,000 - PHP 69,999",2,未婚,いない,事務職（教員も含む）,4人以上,家族,豚骨ベースの白濁スープに細麺、チャーシュー、黒きくらげ、青ネギをトッピングした博多スタイルのラーメン。濃厚でクリーミーなスープが特徴的な日本のラーメン専門店の一品。,https://hakuhodo-hill.com/glpe/photos/scenes-of-meals/webp/4人以上,,#F5E6C8,#2C1A0E,#4A7C3F,#C17F3A,#F0EAD6,#1A1A1A,#8B6914,650,4,5.8,420,620,28,22,75,3,1,和食,,
642,PH,マニラ,女性,48歳,"PHP 40,000 - PHP 44,999",2,未婚,いない,無職,1人,家族,豚バラ肉をハーブ（パセリ等）と共にロール状に巻き、皮をパリッと焼き上げたレチョン・リエンポ風のロースト・ポークベリーロール。断面にはピンク色の肉層と緑のハーブが見える。大晦日の祝い料理。,https://hakuhodo-hill.com/glpe/photos/scenes-of-meals/webp/1人,,#C4956A,#F4C87A,#D4886A,#8B3A2A,#4A7A3A,#F5E6C8,#FFFFFF,450,1.5,3.2,720,1080,52,88,4,0.5,3,伝統ローカル料理,,
643,PH,マニラ,女性,50歳,"PHP 150,000 or more",3,既婚,いる,個人経営主、農業主,3人,家族,豚肉を甘辛いソースで煮込んだフィリピン料理。アドボまたはメチャドに似た料理で、トマトベースの濃厚な赤褐色のソースに角切り豚肉がよく絡んでいる。,https://hakuhodo-hill.com/glpe/photos/scenes-of-meals/webp/3人,,#8B2500,#C0392B,#6B1A00,#D4560A,#A0300A,#E8874A,#F0C080,250,12,2.1,480,420,22,28,18,1.2,1,伝統ローカル料理,,
644,PH,パシグ,女性,50歳,"PHP 100,000 - PHP 149,999",3,既婚,いる,管理職（課長クラス以上）,1人,自分,フィリピンの伝統料理シシグ（豚肉の細切り炒め、玉ねぎ・チチャロン混合）と鉄板盛り、マグロのロースト切り身に醤油ベースのソースと酢漬けソースを添えた定食,https://hakuhodo-hill.com/glpe/photos/scenes-of-meals/webp/1人,,#8B4513,#D2691E,#F5F5DC,#2F2F2F,#DAA520,#228B22,#1C1C1C,550,6,4.5,820,780,52,42,28,3,2,伝統ローカル料理,,
645,PH,パサイ,女性,51歳,"PHP 45,000 - PHP 49,999",2,既婚,いる,事務職（教員も含む）,2人,恋人・配偶者,鶏肉を甘辛いタレで炒め、白胡麻とネギを散らしたフィリピン家庭料理。照り焼き風の濃厚な醤油ベースのソースが絡み、香ばしい風味が特徴的な一品。,https://hakuhodo-hill.com/glpe/photos/scenes-of-meals/webp/2人,,#8B2500,#3D1A00,#F5F5F0,#4A7C3F,#C45C00,#1A0A00,#D4891A,450,18,3.2,620,520,38,22,32,1.5,3,伝統ローカル料理,,
646,PH,ケソン,女性,52歳,"PHP 35,000 - PHP 39,999",2,未婚,いる,個人経営主、農業主,3人,家族,熟したバナナ（サバ種またはラカタン種）が4〜5本、黒い籠トレーに盛られている。皮が黄色から茶褐色に変色した完熟状態で、そのまま食べるかまたは調理用として使われる。,https://hakuhodo-hill.com/glpe/photos/scenes-of-meals/webp/3人,,#D4A843,#8B4513,#F5D06A,#3D2B1F,#C8960C,#2C2C2C,#F0E68C,600,42,0.2,1800,420,4,1.5,108,9,2,伝統ローカル料理,,
647,PH,ケソン,女性,53歳,"PHP 80,000 - PHP 99,999",3,未婚,いない,自由業、専門職（医者、弁護士など）,2人,家族,パンシット（フィリピン風焼きそば）。細麺に豚挽き肉、人参、インゲン、キャベツ、玉ねぎを炒め合わせ、醤油ベースのソースで味付けした伝統的なフィリピン料理。,https://hakuhodo-hill.com/glpe/photos/scenes-of-meals/webp/2人,,#C8A850,#E07820,#4A8020,#F5E6C8,#8B4513,#F0F0F0,#D4A017,450,8,2.8,520,520,22,14,72,5,1,伝統ローカル料理,,
648,PH,マニラ,女性,55歳,"PHP 150,000 or more",3,未婚,いない,管理職（課長クラス以上）,1人,自分,ハムとチーズのオムレツをメインに、トースト、アボカド、ほうれん草、トマトを添えた朝食プレート。卵はふわふわに仕上げられ、ハーブをトッピング。紙箱のテイクアウト容器に入っている。,https://hakuhodo-hill.com/glpe/photos/scenes-of-meals/webp/1人,,#F5D76E,#8B6914,#4A7C59,#D4C5A9,#C0392B,#F0E68C,#6B8E5A,320,3,1.8,420,420,22,26,28,3,1,洋食,,
649,PH,ラス・ピニャス,女性,55歳,"PHP 35,000 - PHP 39,999",2,離別,いる,管理職（課長クラス以上）,1人,家族,ピザの上にルッコラ、薄切りハム（プロシュート）、削りパルメザンチーズをトッピングし、バルサミコソースをかけたイタリアン風薄焼きピザ。奥にはパスタと肉料理も見える。,https://hakuhodo-hill.com/glpe/photos/scenes-of-meals/webp/1人,,#C8A96E,#4A7C3F,#F5F5F0,#8B2500,#2C1A0E,#D4B483,#1A3A1A,280,6,2.8,380,520,22,24,52,3,1,洋食,,
650,PH,マンダルヨン,女性,55歳,"PHP 70,000 - PHP 79,999",2,未婚,いない,サービス業（理容師、運転手など）,1人,家族,石鍋で提供されるチキンビビンバ。ご飯の上にほうれん草、もやし、キムチ、スパイシーチキン、韓国海苔（のり）をトッピングし、熱々の石鍋で仕上げた韓国の伝統料理。,https://hakuhodo-hill.com/glpe/photos/scenes-of-meals/webp/1人,,#2C2C2C,#8B4513,#228B22,#FF4500,#1C1C1C,#F5F5DC,#4A7C3F,550,8,2.8,620,620,32,18,82,5,1,韓国料理,,
651,PH,サン・フアン,女性,56歳,"PHP 45,000 - PHP 49,999",2,離別,いる,自由業、専門職（医者、弁護士など）,1人,同僚,スパイシーなソースで味付けされたフライドチキンと白米のセット。手前は赤みがかったバッファローソース風チキン、奥はガーリックバター風味のチキン。パセリを散らし黒い丸皿に盛り付け。,https://hakuhodo-hill.com/glpe/photos/scenes-of-meals/webp/1人,,#D2691E,#F4A460,#FFFAF0,#8B0000,#2F4F4F,#DAA520,#556B2F,650,8,3.2,680,920,52,38,98,1.5,2,伝統ローカル料理,,
,,,,,,,,,,2人,家族,,,,,,,,,,,,,,,,,,,,,,,