SEQ,COUNTRY,RESIDENCE,SEX,AGE,HINCOME,,MARRIAGE,CHILD,JOB,Q33,Q34_JP,,,,,,,,,,,,,,,,,,,,,,,
,国,居住地,性別,年齢,"世帯
収入",HML,未既婚,子どもの有無,職業,最近の、あなたの「食事の風景」,"写真の説明（和訳）
・撮影した食事　・撮影した時期　・時間帯
・どこで　・誰と　・何をしながら　・何を食べたか
・誰が作った料理か、あるいは、どこで買った料理か",写真の内容（栄養成分＆メイン色）,写真URL,写真,カラー１,カラー２,カラー３,カラー４,カラー５,カラー６,カラー７,容量（g）,糖分（g）,塩分（g）,カリウム（mg）,カロリー (kcal),タンパク質 (g),脂肪 (g),炭水化物 (g),繊維 (g),推定人数,料理,推定人数カテゴリ,食事の相手
652,MY,ペタリンジャヤ,男性,18歳,"RM 7,000 - 7,999",2,未婚,いない,大学生（短大含む）、高専生、大学院生,SEQ0652_1.webp,昼食。写真は数週間前に撮ったもので、午後4時ごろに撮った。家族と一緒にいて、私がミートボールとチキンチョップの食事を作った,自家製ミートボール（大豆ミート系）と照り焼き風チキンチョップ、ミルクティー（テータリク風）の組み合わせ。ミートボールは揚げた球状、チキンは焦げ目がついており、スパイシーな味付け。,https://hakuhodo-hill.com/glpe/photos/scenes-of-meals/webp/SEQ0652_1.webp,,#8B6914,#D4A96A,#3D2B1F,#F5F0E8,#C0392B,#E8C97A,#B5651D,550,12,2.8,620,680,42,38,35,4,2,伝統ローカル料理,2人,家族
653,MY,ペタリンジャヤ,男性,19歳,"RM 5,000 - 5,999",2,未婚,いない,大学生（短大含む）、高専生、大学院生,SEQ0653_1.webp,3日くらい前。伝統的な中東の（？）おやつで、乾燥したパンのようなもの。誰かと一緒ではなく一人でお茶を飲みながら食べた,リング状の黄金色の乾燥焼き菓子。中東系の伝統的なビスケットで、カリッとした食感のリング型クッキー。ゴマや小麦粉、油脂を使用したシンプルな焼き菓子と思われる。大量にボウルと袋に入れられている。,https://hakuhodo-hill.com/glpe/photos/scenes-of-meals/webp/SEQ0653_1.webp,,#D4A843,#C8922E,#E8C068,#F0D080,#A87830,#C0C0C0,#FFFFFF,300,18,1.2,210,1200,18,48,168,6,1,多国籍料理,1人,自分
654,MY,クアラ・ルンプール,男性,19歳,"RM 10,000 - 11,999",2,未婚,いない,技術職（エンジニア、プログラマーなど）,SEQ0654_1.webp,私と家族の夕食。昨晩の夕食後の午後9時ごろに撮影した。家族全員でこの食事を楽しみ、スパイシーなグレービーソースと塩漬けの魚のフライをライスと一緒に食べた。母と姉（又は妹）が得意げに作ってくれた。おいしかった,マレーシア家庭料理。スパイシーなグレービーソース（濃い黒褐色のソース）に煮込まれた魚の切り身と、小皿に盛られた塩漬け魚のフライ（イカンビリス風）。香辛料たっぷりの家庭風イカンマサク料理。,https://hakuhodo-hill.com/glpe/photos/scenes-of-meals/webp/SEQ0654_1.webp,,#3D1A0A,#8B3A0F,#C4651A,#F0C060,#F5E6D0,#FFFFFF,#C8A0A0,450,6,3.8,720,420,38,24,14,2,3,伝統ローカル料理,3人,家族
655,MY,クアラ・ルンプール,男性,20歳,"RM 3,500 - 3,999",1,未婚,いない,家業手伝い：その他,SEQ0655_1.webp,私の昼食で、2023年12月1日の写真。午後に撮った。両親と弟と一緒だった。私はYouTubeを見ながら水を飲んでいた。母が作ってくれた,チキンビリヤニ（ナシビリヤニ）。スパイスで炊いたバスマティライスにタンドール風チキンを添え、玉ねぎのライタをトッピング。オレンジ色が鮮やかなマレーシア家庭料理。,https://hakuhodo-hill.com/glpe/photos/scenes-of-meals/webp/SEQ0655_1.webp,,#E8892B,#F4C842,#D4522A,#F5F0E8,#C0392B,#8B4513,#F0E68C,550,6,2.8,620,720,38,22,95,3.5,1,伝統ローカル料理,1人,家族
656,MY,セランゴール州のその他のエリア,男性,20歳,"RM 7,000 - 7,999",2,未婚,いる,大学生（短大含む）、高専生、大学院生,SEQ0656_1.webp,先週、お気に入りのファストフードチェーンのハンバーガーを食べた。自宅でインターネットをしながら食べている,クリスピーフライドチキンバーガー。サクサクに揚げたチキンパティにレタス、オニオンをはさんだバンズ。背景のソースカップからTexas Chickenと推定される。,https://hakuhodo-hill.com/glpe/photos/scenes-of-meals/webp/SEQ0656_1.webp,,#C8860A,#F5DEB3,#8B4513,#5D8A3C,#F5F5F0,#D2691E,#FFFACD,280,8,2.1,380,520,28,24,48,2,1,洋食,1人,自分
657,MY,クアラ・ルンプール,男性,22歳,"RM 5,000 - 5,999",2,未婚,いない,技術職（エンジニア、プログラマーなど）,SEQ0657_1.webp,朝食で、今朝撮影。自宅で家族と一緒に食べた。両親が作ってくれた,ナシレマ：ココナッツミルクで炊いた白米を中心に、サンバルソース、ゆで卵、キュウリ、イカン・ビリス（小魚の揚げ物）、ピーナッツ、レンダン（スパイス煮込み肉）を添えたマレーシアの伝統的な朝食料理,https://hakuhodo-hill.com/glpe/photos/scenes-of-meals/webp/SEQ0657_1.webp,,#F5F0E8,#8B1A1A,#C4782A,#D4A853,#6B3A2A,#4A7C2F,#F0D080,550,6,3.2,620,720,32,35,75,5,1,伝統ローカル料理,1人,家族
658,MY,プトラジャヤ,男性,24歳,"RM 4,500 - 4,999",1,未婚,いる,高校生、浪人生,SEQ0658_2.webp,"夕食
ホステルで食べた
一人で
YouTubeを見ながら
Maggie
自分で作った",マギーミーゴレン（インスタント焼きそば）に目玉焼きをトッピングした一人食。茶色いソースで炒めた縮れ麺に半熟卵が乗り、シンプルながらマレーシアの定番ホステル飯。,https://hakuhodo-hill.com/glpe/photos/scenes-of-meals/webp/SEQ0658_2.webp,,#8B6914,#D4A017,#F5F0E8,#C17D2A,#F4C430,#3D2B1F,#FAEBD7,350,8,2.8,280,520,18,22,65,2.5,1,伝統ローカル料理,1人,自分
659,MY,セパン,男性,26歳,"RM 5,000 - 5,999",2,未婚,いない,管理職（課長クラス以上）,SEQ0659_1.webp,"- ランチ
- 2日前
- 結婚式で
- いとこ
- ランチを食べている
- ライスと肉、野菜、鶏肉
- 結婚式で",マレーシアの結婚式料理。ナシ（白米）、チキンカレー、レンダン風肉料理、サンバル、野菜炒め、スープなど複数のおかずを大皿に盛り合わせた伝統的なマレー式ウェディングフィースト,https://hakuhodo-hill.com/glpe/photos/scenes-of-meals/webp/SEQ0659_1.webp,,#8B1A1A,#D2691E,#F4A460,#FFFAF0,#556B2F,#CD853F,#B22222,1800,18,8.5,1850,1650,72,65,195,12,4,伝統ローカル料理,4人以上,家族
660,MY,カジャン,男性,27歳,"RM 12,000 - 13,999",3,未婚,いない,会社団体役員,SEQ0660_1.webp,"Moktiアイスクリーム
ティータイム
先月2023年12月
バンダースリプトラで
一人で食事",パンダンフレーバーの緑色ソフトクリームに、蜂の巣ハニカム、黒糖タピオカパール、カラメルソースをトッピングしたマレーシアのデザートカップ。,https://hakuhodo-hill.com/glpe/photos/scenes-of-meals/webp/SEQ0660_1.webp,,#4CAF50,#8B4513,#F5C842,#2E7D32,#D4A017,#1A1A1A,#A5D6A7,280,52,0.2,180,380,5,12,65,1,1,伝統ローカル料理,1人,自分
661,MY,クアラ・ルンプール,男性,28歳,"RM 5,000 - 5,999",2,既婚,いる,事務職（教員も含む）,SEQ0661_1.webp,"昼食
2024年1月16日火曜日
午後1時
職場
一人で
ランチタイム
ブラウンシュガーココナッツ入りもち米
妻",ブラウンシュガーとココナッツを添えたもち米（プルット）。オレンジ色のボウルに白いもち米が盛られ、隣の小皿にはブラウンシュガーとすりおろしたココナッツのトッピングが添えられている伝統的なマレーシアのデザート・軽食。,https://hakuhodo-hill.com/glpe/photos/scenes-of-meals/webp/SEQ0661_1.webp,,#F26522,#FFFFFF,#F5F5F0,#5C3A1E,#8B6340,#D4C5A9,#F0EAD6,250,18,0.3,120,320,5,6,62,2,1,伝統ローカル料理,1人,恋人・配偶者
662,MY,クラン,男性,28歳,"RM 14,000 - 15,999",3,未婚,いない,技術職（エンジニア、プログラマーなど）,SEQ0662_1.webp,夕食の時間。韓国料理,韓国風ロゼトッポギまたはラーメン。濃厚なオレンジ色のロゼソース（辛味と生クリームを合わせたソース）に、半熟卵2個、シュレッドチーズ、乾燥ハーブをトッピングした鉄鍋料理。,https://hakuhodo-hill.com/glpe/photos/scenes-of-meals/webp/SEQ0662_1.webp,,#E8621A,#F5A623,#FFFFFF,#F5F0C8,#2C2C2C,#8B7355,#5C8A3C,650,12,3.8,420,680,28,32,72,3,1,韓国料理,1人,自分
663,MY,クアラ・ルンプール,男性,28歳,"RM 8,000 - 8,999",2,既婚,いる,営業・販売職（セールスマン、店員など）,SEQ0663_1.webp,昼食のミートボールスパゲッティ。今日の午後、自分の部屋で家族と一緒に映画を見ながら食べた。家族全員分を私が作った,ミートボールスパゲッティ。トマトソースベースで、大きなミートボールと赤パプリカを合わせたパスタ料理。濃厚なトマトソースがよく絡んでいる。,https://hakuhodo-hill.com/glpe/photos/scenes-of-meals/webp/SEQ0663_1.webp,,#8B3A2A,#C0392B,#D4691E,#F0A070,#2C2C2C,#E8C090,#A0522D,450,8,2.8,720,680,35,28,72,5,1,洋食,1人,家族
664,MY,クラン,男性,28歳,"RM 6,000 - 6,999",2,既婚,いる,技術職（エンジニア、プログラマーなど）,SEQ0664_1.webp,今日の私の昼食。今日、妻と一緒に昼食をとっているときにこの写真を撮った。何もせず、ただ自宅で食べている,クリーミーなホワイトソースがかかったスパゲッティパスタと、骨付きチキン（フライドチキンまたはグリルチキン）を組み合わせた一皿。自家製と思われるクリームパスタ料理。,https://hakuhodo-hill.com/glpe/photos/scenes-of-meals/webp/SEQ0664_1.webp,,#F5DEB3,#D2691E,#FFFAF0,#C8A882,#8B6914,#E8C99A,#F0F0F0,380,4,2.1,420,680,32,28,72,3,1,洋食,1人,恋人・配偶者
665,MY,クアラ・ルンプール,男性,30歳,"RM 4,000 - 4,499",1,既婚,いない,技術職（エンジニア、プログラマーなど）,SEQ0665_1.webp,職場のチームで年次監査のために企業を訪問したときにサプライヤーがごちそうしてくれた料理の写真。アラビア料理。アラビア人シェフが作ったビーフとチキンのサフランライス。シャーアラムにあるレストラン,アラビア料理のケバブプレート。ビーフとチキンの串焼きケバブ2本をサフランライスと白米に添え、グリルトマト、赤キャベツの漬物、チリソースを付け合わせた中東スタイルの一皿。,https://hakuhodo-hill.com/glpe/photos/scenes-of-meals/webp/SEQ0665_1.webp,,#F5C518,#FFFFFF,#8B4513,#D2691E,#CC2200,#4A0020,#2D4A1E,650,4,2.8,720,820,52,22,98,3,1,多国籍料理,1人,同僚
666,MY,クアラ・ルンプール,男性,31歳,"RM 5,000 - 5,999",2,未婚,いない,技術職（エンジニア、プログラマーなど）,SEQ0666_1.webp,昼食。10日前。誰かの誕生日祝い,誕生日のお祝いセット。チョコレートブラウニーケーキ、モチ（ピンク・白）の和菓子風スイーツ、Tealiveのアイスミルクティー飲料が含まれる甘いデザートセット。,https://hakuhodo-hill.com/glpe/photos/scenes-of-meals/webp/SEQ0666_1.webp,,#3B1F0E,#F5E6A3,#E8C4B8,#F8F8F8,#D9534F,#C8A876,#6B8C5A,420,68,0.6,320,780,9,28,118,3,1,多国籍料理,1人,自分
667,MY,セランゴール州のその他のエリア,男性,31歳,"RM 7,000 - 7,999",2,既婚,いる,会社団体役員,SEQ0667_1.webp,大好きなおいしい洋食。妻と子供と一緒に食べている。,左側はバニラアイスクリームとキャラメルソースがかかったフレンチトースト風デザート、右側はゴマと緑のソースが乗った揚げ物料理。小カップに赤いソースが添えられている。,https://hakuhodo-hill.com/glpe/photos/scenes-of-meals/webp/SEQ0667_1.webp,,#C4843A,#F5F0E8,#8B4513,#6B8C3E,#E8D5B0,#CC2200,#F5F5F0,550,42,1.8,380,980,18,48,118,4,2,洋食,2人,家族
668,MY,クアラ・ルンプール,男性,33歳,"RM 9,000 - 9,999",2,既婚,いる,管理職（課長クラス以上）,SEQ0668_1.webp,チキンライス,マレーシア風チキンライス（ナシアヤム）。複数の使い捨てプラスチック容器に盛られた黄色いご飯の上に炭火焼きチキン、きゅうり、トマト、サンバルソースが添えられたセット。,https://hakuhodo-hill.com/glpe/photos/scenes-of-meals/webp/SEQ0668_1.webp,,#D4A843,#8B4513,#F5DEB3,#228B22,#CC2200,#F0E68C,#C19A6B,3600,24,18,2800,3200,180,96,400,16,6,伝統ローカル料理,4人以上,自分
669,MY,ペタリンジャヤ,男性,37歳,"RM 8,000 - 8,999",2,既婚,いる,無職,SEQ0669_1.webp,これは夕食で、午後6時30分頃の夕食時に撮影した。ダイニングテーブルで撮った。配偶者と子どもたちと一緒に食べるいつもの家族の夕食。家庭料理で、他の人にヘルシーな家庭料理という選択肢に注目してほしいと思って撮影した,豆腐・コーン・トマト入りスープ鍋、エビとそら豆の炒め物（サンバル風）、青菜（ほうれん草・チンゲン菜）の炒め物。家庭的な中華系マレーシア料理の夕食セット。,https://hakuhodo-hill.com/glpe/photos/scenes-of-meals/webp/SEQ0669_1.webp,,#E8A030,#F5F0E8,#4A7A3A,#D4522A,#F5E050,#8B4513,#FFFFFF,1800,18,6.5,1850,920,52,28,95,14,4,伝統ローカル料理,4人以上,家族
670,MY,クアラ・ルンプール,男性,37歳,"RM 6,000 - 6,999",2,既婚,いる,事務職（教員も含む）,SEQ0670_1.webp,昼食,白米の上に揚げた丸ごと魚と炒めた玉ねぎ・きのこ・野菜のソース、甘辛いチリソースをかけたマレーシア式定食。ナシラウクスタイルの一皿。,https://hakuhodo-hill.com/glpe/photos/scenes-of-meals/webp/SEQ0670_1.webp,,#F5F0E8,#C8860A,#8B4513,#D2691E,#6B6B3A,#B22222,#A0856C,450,8,2.8,620,680,32,22,88,3.5,1,伝統ローカル料理,1人,自分
671,MY,セランゴール州のその他のエリア,男性,38歳,"RM 7,000 - 7,999",2,既婚,いる,事務職（教員も含む）,SEQ0671_1.webp,"昼食
数日前
自宅で
妻の料理",ナシパダン風の家庭料理。白米にサンバルソース、炒めた青菜（カンクン）、揚げ小魚（イカン・ゴレン）を添えた典型的なマレーシア家庭食。,https://hakuhodo-hill.com/glpe/photos/scenes-of-meals/webp/SEQ0671_1.webp,,#F5F5F0,#4A7C6F,#C8510A,#8B6914,#2D5A3D,#E8D5A0,#B5451B,550,4,3.2,720,620,28,18,85,4.5,1,伝統ローカル料理,1人,恋人・配偶者
672,MY,ペタリンジャヤ,男性,38歳,"RM 20,000 or more",3,未婚,いない,会社団体役員,SEQ0672_1.webp,先週の昼休み。仕事の昼休みにショッピングモールで食べた。韓国料理の定食を食べている,韓国料理定食。フライドチキン、白米、キムチ、ナムル風甘辛ニンジン煮、サラダがセットになった定食。チキンは衣がサクサクで香ばしく揚げられている。,https://hakuhodo-hill.com/glpe/photos/scenes-of-meals/webp/SEQ0672_1.webp,,#C8853A,#F5F0E8,#C0392B,#E8A87C,#8B4513,#F0E68C,#2D5A27,650,12,3.8,720,820,38,32,95,5,1,韓国料理,1人,自分
673,MY,クアラ・ルンプール,男性,40歳,"RM 14,000 - 15,999",3,既婚,いる,会社団体役員,SEQ0673_1.webp,夕食。今日の写真で、自宅で撮った。一人で。このアンケートに回答しながら。ライスと野菜とチキンを食べている。妻が作ってくれた,白米の上にタレで煮込んだチキン（鶏もも肉）、炒め卵、青梗菜の炒め物を乗せたワンプレートご飯。醤油ベースのブラウンソースが特徴的なマレーシア家庭料理。,https://hakuhodo-hill.com/glpe/photos/scenes-of-meals/webp/SEQ0673_1.webp,,#8B4513,#F5F5DC,#556B2F,#D2691E,#F0E68C,#3B5323,#C8A96E,550,8,2.8,620,720,38,22,85,3.5,1,伝統ローカル料理,1人,自分
674,MY,シャー・アラム,男性,41歳,"RM 10,000 - 11,999",2,既婚,いる,技術職（エンジニア、プログラマーなど）,SEQ0674_1.webp,家族との昼食の写真。3か月くらい前。レストランで,ナシレマ（ご飯・チキン・サンバル・ピーナッツ）、スパゲッティボロネーゼ風、フライドチキンとフライドポテト、パンケーキセット、デザートプレートなど複数料理が並ぶ家族向け食事。,https://hakuhodo-hill.com/glpe/photos/scenes-of-meals/webp/SEQ0674_1.webp,,#F5F0E8,#C0392B,#F4D03F,#8B4513,#2C3E50,#E8C9A0,#3D2B1F,2800,42,9.5,2200,3200,120,115,390,18,4,多国籍料理,4人以上,家族
675,MY,ペタリンジャヤ,男性,42歳,"RM 14,000 - 15,999",3,既婚,いる,管理職（課長クラス以上）,SEQ0675_1.webp,朝食,ナシレマ（Nasi Lemak）。ココナッツミルクで炊いたご飯に、サンバルソース、アンチョビ、ピーナッツ、キュウリのスライス、ゆで卵または揚げ物をトッピングしたマレーシアの国民的朝食料理。,https://hakuhodo-hill.com/glpe/photos/scenes-of-meals/webp/SEQ0675_1.webp,,#F5F0E8,#C8A882,#8B4513,#6B8E23,#D2691E,#F5DEB3,#A0522D,400,4,2.8,320,620,15,22,88,3,1,伝統ローカル料理,1人,自分
676,MY,クアラ・ルンプール,男性,43歳,"RM 2,500 - 2,999",1,未婚,いない,サービス業（理容師、運転手など）,SEQ0676_1.webp,2024年1月25日午後6時の夕食。休憩中に友人と一緒に、会社のシェフが作ってくれた野菜スープを食べている,透明な薄い出汁ベースの野菜スープ。ニンジン、ジャガイモ、大根などの野菜が入ったシンプルなクリアスープ。会社のシェフが作った家庭的な一品。,https://hakuhodo-hill.com/glpe/photos/scenes-of-meals/webp/SEQ0676_1.webp,,#E8F4F8,#E8622A,#F5DEB3,#FFFFFF,#D2B48C,#F0E68C,#A9C8A0,250,4.5,1.2,380,65,1.8,0.5,12,2.5,1,伝統ローカル料理,1人,友達
677,MY,セランゴール州のその他のエリア,男性,43歳,"RM 6,000 - 6,999",2,既婚,いる,大学生（短大含む）、高専生、大学院生,SEQ0677_1.webp,義母と叔父家族を含む家族との朝食。2023年12月31日の夕食時にタンジュンピアンダンで。ナシレマッやロティチャナイなどの料理　,ナシレマッとロティチャナイを中心としたマレーシア伝統料理。バナナの葉に包まれたナシレマッ、紙包みのロティチャナイ、サンバルソース、カレー、各種付け合わせが並ぶ家族向けの朝食セット。,https://hakuhodo-hill.com/glpe/photos/scenes-of-meals/webp/SEQ0677_1.webp,,#8B7355,#4A7C3F,#D2691E,#F5F5DC,#8B4513,#FFFFFF,#C8A96E,1800,18,8.5,980,1650,52,68,215,12,5,伝統ローカル料理,4人以上,家族
678,MY,シャー・アラム,男性,45歳,"RM 10,000 - 11,999",2,既婚,いる,管理職（課長クラス以上）,SEQ0678_1.webp,"昼食
24年10月13日
午後12時45分
ブキッベランタン
仕事の昼休みに昼食に出かけた。
洋食（ラムチョップ）
レストランで食事した。",ラムチョップに濃厚なブラウングレービーソースをかけた洋食プレート。白米、レタス・にんじん・トマトのサラダを添えた定食スタイル。グリルした肉が香ばしく仕上げられている。,https://hakuhodo-hill.com/glpe/photos/scenes-of-meals/webp/SEQ0678_1.webp,,#8B4513,#F5F0DC,#4CAF50,#FF6347,#E8A838,#2C1A0E,#D4C5A0,550,8,2.8,720,780,38,32,82,4.5,1,洋食,1人,自分
679,MY,クアラ・ルンプール,男性,46歳,"RM 7,000 - 7,999",2,既婚,いる,技術職（エンジニア、プログラマーなど）,SEQ0679_1.webp,職場の同僚とのランチデート,ナンドスレストランでのグループランチ。チキン料理をメインにご飯、サラダ、フライドポテトなどが添えられた皿が並ぶ。オレンジジュースやアイスティーなどのドリンクも多数見られる。,https://hakuhodo-hill.com/glpe/photos/scenes-of-meals/webp/SEQ0679_1.webp,,#8B4513,#F4A460,#FFD700,#2E8B57,#D2691E,#FFF8DC,#C0392B,4500,45,18,3200,5800,280,210,520,28,10,洋食,4人以上,同僚
680,MY,クアラ・ルンプール,男性,46歳,"RM 4,500 - 4,999",1,既婚,いる,自由業、専門職（医者、弁護士など）,SEQ0680_1.webp,私の夕食。今日、1月15日の午後8時。スリ ハルタマスにあるペリータというレストランで、家族全員で。ちょうど妻を迎えに行き食料品を買って戻ってきたところ。ペリータのロティチャナイ,ロティチャナイ（マレーシアのインド系薄焼きパン）。小麦粉生地を薄く伸ばして何層にも折り重ね、鉄板で焼いたサクサクのフラットブレッド。カレー2種類とトマトソースを添えたセット。,https://hakuhodo-hill.com/glpe/photos/scenes-of-meals/webp/SEQ0680_1.webp,,#F5E6C8,#C8701A,#E8A020,#D4500A,#8B7355,#F0C040,#C8C8C8,350,4,1.8,320,480,10,22,62,2.5,1,伝統ローカル料理,1人,家族
681,MY,スバンジャヤ,男性,47歳,"RM 10,000 - 11,999",2,既婚,いる,管理職（課長クラス以上）,SEQ0681_1.webp,先週日曜日に、家族と一緒に食べるために私が作った朝食,目玉焼き、アボカドスライス、ローストトマト、炒めマッシュルーム、グリルパプリカ、全粒粉トースト2枚を盛り合わせた西洋スタイルの朝食プレート。コーヒー付き。,https://hakuhodo-hill.com/glpe/photos/scenes-of-meals/webp/SEQ0681_1.webp,,#8BC34A,#F4D03F,#E74C3C,#4A4A4A,#D4A55A,#FFFFFF,#6F4E37,550,6,1.8,980,620,22,34,58,12,1,洋食,1人,家族
682,MY,クアラ・ルンプール,男性,50歳,"RM 5,000 - 5,999",2,既婚,いない,専業主婦・主夫,SEQ0682_1.webp,2024年1月23日午後1時の私の昼食。家で一人で食べた。クアラ クブ バルのカレーラクサ,カレーラクサ：濃厚な赤みがかったスパイシーなカレーブロスに米麺、豚肉や内臓、豆腐などが入ったマレーシアの定番麺料理。ココナッツミルクとスパイスが香る一品。,https://hakuhodo-hill.com/glpe/photos/scenes-of-meals/webp/SEQ0682_1.webp,,#C0392B,#E74C3C,#F5CBA7,#FDFEFE,#922B21,#D5D8DC,#F0B27A,450,4.5,2.8,520,485,22,24,48,2.5,1,伝統ローカル料理,1人,自分
683,MY,セランゴール州のその他のエリア,男性,50歳,"RM 10,000 - 11,999",2,既婚,いる,会社団体役員,SEQ0683_1.webp,"断食前の食事＠朝食
2024年1月15日、月曜日、午前5：45、妻と一緒に
3/4ゆで卵とチョウマメを浸した水にレモンと蜂蜜を混ぜて作った。",3/4熟のゆで卵（半熟卵）とチョウマメ（バタフライピー）の花を浸したお湯にレモンと蜂蜜を加えた紫色のドリンク。断食前の朝食として準備されたシンプルな家庭料理。,https://hakuhodo-hill.com/glpe/photos/scenes-of-meals/webp/SEQ0683_1.webp,,#F5F0E8,#E8A020,#D4A0B0,#8B3A6B,#2D2D2D,#F0E8D0,#C8A878,350,8,0.4,180,145,9,7,10,0.5,1,伝統ローカル料理,1人,恋人・配偶者
684,MY,シャー・アラム,男性,56歳,"RM 10,000 - 11,999",2,既婚,いる,その他,SEQ0684_1.webp,夕食に食べたもの。2023年12月12日金曜日の午後6時30分ごろ。フライドチキンとマッシュポテトとコールスロー。妻と9歳の娘と一緒に食べる夕食のために私が作った。娘がおいしいフライドチキンを食べたがり、レシピを渡された。私は最近料理ができるようになってきたので、それを作った,自家製フライドチキン2ピース（衣がサクサクのから揚げ）、グレービーソースがかかったマッシュポテト、コールスローを盛り合わせた家庭料理。花柄の白いプレートに盛り付け。,https://hakuhodo-hill.com/glpe/photos/scenes-of-meals/webp/SEQ0684_1.webp,,#C8956A,#8B5E3C,#F5F0E0,#D4B483,#E8E0C8,#F0C060,#FAFAF5,450,6,2.8,680,720,42,38,48,3,1,洋食,1人,家族
685,MY,セランゴール州のその他のエリア,男性,56歳,"RM 3,500 - 3,999",1,既婚,いる,技術職（エンジニア、プログラマーなど）,SEQ0685_1.webp,妻、母、子供たちと一緒にエイのご飯、オクラ豆、塩漬け卵を食べた。,マレーシアの伝統料理。エイ（アカエイ）のスパイシートマトカレーソースがけご飯に、オクラと塩漬け卵を添えた一皿。赤いサンバルソースが食欲をそそる。,https://hakuhodo-hill.com/glpe/photos/scenes-of-meals/webp/SEQ0685_1.webp,,#C0392B,#E8D5A3,#F5F5DC,#4A7C4E,#8B6914,#D35400,#FDFEFE,450,6,3.5,620,580,28,18,72,5,1,伝統ローカル料理,1人,家族
686,MY,シャー・アラム,男性,57歳,"RM 4,500 - 4,999",1,既婚,いる,技術職（エンジニア、プログラマーなど）,SEQ0686_1.webp,"夕食
2023年11月
昼の12時5分
自宅
家族
顧客のオフィスで仕事をしながら
スイートポテトのデザート、ジャガイモと豚ひき肉のカレー、ライス、いんげん豆と卵
妻",マレーシア家庭料理の夕食セット。ジャガイモと豚ひき肉のカレー炒め、いんげん豆と卵の炒め物、白米、スイートポテトのデザートで構成された中華系ローカル家庭料理。,https://hakuhodo-hill.com/glpe/photos/scenes-of-meals/webp/SEQ0686_1.webp,,#8B4513,#6B8E23,#F5F5DC,#D2691E,#228B22,#F4A460,#2F4F2F,850,12,3.8,1250,780,38,28,95,8,3,伝統ローカル料理,3人,家族
687,MY,カジャン,女性,18歳,"RM 3,000 - 3,499",1,未婚,いない,大学生（短大含む）、高専生、大学院生,SEQ0687_1.webp,今日の私の夕食。自宅で食べているときにこの写真を撮った。私が友人のために作り、彼らと楽しく夕食をとった。食材は近くの市場で買った,卵と野菜の炒め物、カレー風味のポテトと肉の煮込み、白米の3品構成。家庭料理で、スパイスを使ったマレーシア風おかずと白飯の定食スタイル。,https://hakuhodo-hill.com/glpe/photos/scenes-of-meals/webp/SEQ0687_1.webp,,#F5F5F0,#E8A020,#D4691E,#C8B860,#8B6914,#F0E8D0,#2C2C2C,650,12,3.2,820,720,28,22,95,4.5,2,伝統ローカル料理,2人,友達
688,MY,セラヤン,女性,18歳,"RM 12,000 - 13,999",3,未婚,いない,家業手伝い：その他,SEQ0688_1.webp,昼食、日曜日に家族と一緒に家で撮った。,ベトナム風バインセオ（卵入りクレープ）を中心に、パパイヤサラダ、魚料理、ホットポット（野菜鍋）、葉野菜サラダなど多彩な料理が赤いテーブルに並ぶ家族向け豪華な食事。,https://hakuhodo-hill.com/glpe/photos/scenes-of-meals/webp/SEQ0688_1.webp,,#E8230A,#D4A017,#4CAF50,#8B6914,#F5E6C8,#2C5F2E,#C0392B,2800,18,12,2800,1850,85,72,145,28,5,東南アジア料理,4人以上,家族
689,MY,シャー・アラム,女性,19歳,"RM 20,000 or more",3,未婚,いない,大学生（短大含む）、高専生、大学院生,SEQ0689_1.webp,"いつも夕食にこれを食べている。昼食に食べることもある
この写真は2024年1月21日、つまり3日前の午後1時54分に撮った
友人と一緒に食べた
もちろん料理を食べた
イーミーシズリング（鉄板麺）という名前の料理
ロータス（スーパー）で買った",イーミーシズリング（鉄板焼き麺）。揚げた黄色い麺を熱した鉄板で提供し、チキン、青菜、卵、きのこを黒醤油ベースのとろみソースで絡めたマレーシアの定番料理。,https://hakuhodo-hill.com/glpe/photos/scenes-of-meals/webp/SEQ0689_1.webp,,#1a0a00,#8B4513,#4a3000,#2d5a1b,#c8860a,#f5e642,#6b3a2a,650,8,3.2,520,720,28,22,95,4,1,伝統ローカル料理,1人,友達
690,MY,プトラジャヤ,女性,19歳,"RM 6,000 - 6,999",2,未婚,いない,管理職（課長クラス以上）,SEQ0690_1.webp,自分で作ったフルーツサンバル,自家製フルーツサンバル。赤ぶどうをベースに、細切りにした野菜や魚系の乾物（おそらくイカンビリス）、ヤシ砂糖、チリなどを混ぜ合わせた甘辛酸っぱいマレーシア伝統の和え物料理。,https://hakuhodo-hill.com/glpe/photos/scenes-of-meals/webp/SEQ0690_1.webp,,#C0392B,#E74C3C,#8B4513,#A0522D,#2C2C2C,#F5F5F5,#6B8E23,200,18,1.8,320,185,6,4,32,3,1,伝統ローカル料理,1人,自分
691,MY,クアラ・ルンプール,女性,22歳,"RM 20,000 or more",3,未婚,いない,技術職（エンジニア、プログラマーなど）,SEQ0691_1.webp,昨日の昼食。今日はまだ何も食べていない。自宅で撮影して自分一人だった。ミーゴレンを食べていて、自分で作った,自家製ミーゴレン（マレー風焼きそば）。卵入りの黄色い炒め麺に、濃厚なサンバルソースをまぶした鶏肉（アヤムゴレンまたはレンダン風）を添えた一皿。スパイシーで香ばしい家庭料理。,https://hakuhodo-hill.com/glpe/photos/scenes-of-meals/webp/SEQ0691_1.webp,,#C8860A,#8B4513,#D2691E,#F0C040,#A0522D,#E8D5A0,#6B3A2A,380,8,3.2,420,620,28,22,78,3.5,1,伝統ローカル料理,1人,自分
692,MY,クラン,女性,23歳,"RM 7,000 - 7,999",2,既婚,いる,管理職（課長クラス以上）,SEQ0692_1.webp,数日前に自宅で家族と一緒に食べた昼食。マレーシア料理の中でもひときわ有名なナシレマッ（ごはん料理）を私が作った。満足感のあるおいしい食事で、その日に作ったことをとても誇りに思う。家族からもとてもおいしかったとたくさん褒められた,ナシレマッ（Nasi Lemak）：ココナッツミルクで炊いた白米に、サンバルソース、ゆで卵半分、アンチョビや玉ねぎを炒めたサンバルイカン、黄色いピクルス（アチャル）を添えたマレーシアを代表する伝統料理。,https://hakuhodo-hill.com/glpe/photos/scenes-of-meals/webp/SEQ0692_1.webp,,#F5F0E8,#8B1A1A,#F4C430,#FFFDE7,#3A7CA5,#4A3728,#F5E6C8,380,8,2.8,420,520,18,14,78,3,1,伝統ローカル料理,1人,家族
693,MY,クアラ・ルンプール,女性,23歳,"RM 10,000 - 11,999",2,未婚,いない,管理職（課長クラス以上）,SEQ0693_1.webp,"昼食
昨日
昼の12時半
家の近所
友人
くつろぎながら
ポークライス
コピティアム（コーヒーショップ）",マレーシアのコピティアムで提供されるポークライス。焼豚（チャーシュー）とローストポーク（サオバク）をご飯の上に乗せ、スライスきゅうりを添えた中華系ローカル料理。,https://hakuhodo-hill.com/glpe/photos/scenes-of-meals/webp/SEQ0693_1.webp,,#F5F0E8,#C4824A,#8B1A1A,#D4B896,#4A7C3F,#E8D5B0,#6B3A2A,450,8,2.8,520,720,32,28,82,2,1,伝統ローカル料理,1人,友達
694,MY,カジャン,女性,24歳,"RM 4,000 - 4,499",1,未婚,いる,事務職（教員も含む）,SEQ0694_1.webp,夕食後のデザート。親友と一緒に。,抹茶ラテ2杯（アイス）とチョコレートクロワッサン1個。濃い緑色の抹茶が牛乳と混ざり、たっぷりの氷が入ったカフェスタイルのデザートドリンクと焼き菓子のセット。,https://hakuhodo-hill.com/glpe/photos/scenes-of-meals/webp/SEQ0694_1.webp,,#4a7c59,#2d5a3d,#8b6914,#3d2b1f,#c8b89a,#f5f0e8,#a8c5a0,850,52,0.6,420,680,12,28,95,3,2,多国籍料理,2人,友達
695,MY,クアラ・ルンプール,女性,25歳,"RM 9,000 - 9,999",2,未婚,いない,管理職（課長クラス以上）,SEQ0695_1.webp,2023年9月の友人たちとの昼食。卒業後に初めて集まった,マレーシアのローカル麺料理3種。手前はピクルス野菜と揚げエシャロット、魚団子入りの緑色スープ麺（アサムラクサ風）、左はドライ系麺料理、奥はスパイシーな赤いカレースープ麺。,https://hakuhodo-hill.com/glpe/photos/scenes-of-meals/webp/SEQ0695_1.webp,,#8B4513,#2D5A1B,#D4691E,#F5E6C8,#C41E3A,#F0F0F0,#4A3728,1800,12,8.5,980,1450,52,38,195,14,3,伝統ローカル料理,3人,友達
696,MY,クアラ・ルンプール,女性,26歳,"RM 7,000 - 7,999",2,未婚,いる,会社団体役員,SEQ0696_1.webp,朝食。1月15日の朝、ママッ（インド系ムスリム）レストランで一人でロティチャナイ（パン）を食べている,ロティチャナイ：薄く伸ばした小麦粉生地をバターで焼いたマレーシアのインド系フラットブレッド。黄色いダル（豆カレー）と赤いカレーソースを添えた定番の朝食メニュー。,https://hakuhodo-hill.com/glpe/photos/scenes-of-meals/webp/SEQ0696_1.webp,,#D4A843,#8B3A0F,#F5DEB3,#C8860A,#E8C170,#6B2D0A,#F0E6C8,350,4,2.1,420,480,12,18,68,4,1,伝統ローカル料理,1人,自分
697,MY,クラン,女性,26歳,"RM 14,000 - 15,999",3,既婚,いる,会社団体役員,SEQ0697_1.webp,朝食の食事,イングリッシュブレックファスト風の朝食プレートとエッグベネディクト。スクランブルエッグ、ソーセージ、ベイクドビーンズ、トースト、サラダ、ハッシュブラウンに加え、ホランデーズソースのエッグベネディクト。アイスコーヒー2杯付き。,https://hakuhodo-hill.com/glpe/photos/scenes-of-meals/webp/SEQ0697_1.webp,,#F5DEB3,#D4A017,#8B4513,#6B8E4E,#C0392B,#F0E68C,#A0522D,850,18,4.2,980,1150,42,58,98,9,2,洋食,2人,恋人・配偶者
698,MY,クアラ・ルンプール,女性,27歳,"RM 5,000 - 5,999",2,既婚,いない,事務職（教員も含む）,SEQ0698_1.webp,焼き魚、同僚との昼食,マレーシアの伝統的なナシパダンスタイルの昼食。グリルした丸ごと魚（イカン・バカール）2皿、サンバルやソースの仕切り皿、炒め野菜・空芯菜のチリ炒め、スパイス炒め、白ご飯2皿が並ぶ豪華な食堂メニュー,https://hakuhodo-hill.com/glpe/photos/scenes-of-meals/webp/SEQ0698_1.webp,,#8B6914,#F5F5DC,#4A7C3F,#C0392B,#2C1810,#D4A017,#8B4513,1800,12,8.5,1850,1650,95,52,185,14,3,伝統ローカル料理,3人,同僚
699,MY,ペタリンジャヤ,女性,30歳,"RM 6,000 - 6,999",2,既婚,いる,管理職（課長クラス以上）,SEQ0699_1.webp,スパイシーラーメン、ハニーガーリックチキン、キムチ、ブラックカラントジュース。夕方、夫と子供と一緒に食事した。Mykori Dessertで店員が料理を作った。,韓国風スパイシーラーメン（海苔・ネギトッピング）、ハニーガーリックチキンウィング（ゴマ添え）、キムチ、ブラックカラントジュースのセット。甘辛いソースが絡んだ揚げチキンが主役。,https://hakuhodo-hill.com/glpe/photos/scenes-of-meals/webp/SEQ0699_1.webp,,#8B2500,#D4691E,#F5F5F5,#1A1A1A,#8B0000,#6B3A8B,#E8C170,850,28,4.2,720,1350,58,62,135,5,2,韓国料理,2人,家族
700,MY,クアラ・ルンプール,女性,30歳,"RM 6,000 - 6,999",2,既婚,いる,サービス業（理容師、運転手など）,SEQ0700_1.webp,昼食時の料理。3日前。自宅で撮影。一人。のんびりしながら。自分で作った,濃厚な赤褐色のグレービーソースに浸った鶏肉の煮込み料理。チリやスパイスを使ったマレー風カレーまたはレンダン風の家庭料理。,https://hakuhodo-hill.com/glpe/photos/scenes-of-meals/webp/SEQ0700_1.webp,,#8B2500,#A0522D,#C0392B,#F5F5F0,#4169A0,#6B3A2A,#D4694A,350,4,2.1,420,280,22,16,10,2,1,伝統ローカル料理,1人,自分
701,MY,セランゴール州のその他のエリア,女性,32歳,"RM 20,000 or more",3,既婚,いる,個人経営主、農業主,SEQ0701_1.webp,夕飯前の軽食、サクサクでおいしいクロワッサン,ピスタチオグリーンのチョコレートコーティングが施されたケーキまたはチョコレートボム。上にクラッシュピスタチオと赤いフリーズドライフランボワーズが散りばめられている。透明プラスチック容器入り。,https://hakuhodo-hill.com/glpe/photos/scenes-of-meals/webp/SEQ0701_1.webp,,#8FBC6A,#C8453A,#D4AF37,#F5F0E8,#4A7C3F,#E8D5C0,#B5341E,120,28,0.2,180,420,5,26,42,2,1,多国籍料理,1人,自分
702,MY,クラン,女性,35歳,"RM 6,000 - 6,999",2,既婚,いる,管理職（課長クラス以上）,SEQ0702_1.webp,3日前に私が作ったポテト、卵、野菜サラダのマヨネーズとチーズソース添えの朝食を自宅で子供と一緒に。,茹でたポテト、ゆで卵、トマト、きゅうりなどの野菜を使ったサラダに、黄色いチーズソースとマヨネーズをたっぷりかけた家庭料理。カラフルな果物柄の皿に盛り付けられている。,https://hakuhodo-hill.com/glpe/photos/scenes-of-meals/webp/SEQ0702_1.webp,,#F5C518,#E8A020,#D94F3D,#8DB560,#F5F0E8,#C8B870,#FAEBD7,350,6.5,1.8,620,420,12,28,32,4.5,1,多国籍料理,1人,家族
703,MY,シャー・アラム,女性,37歳,"RM 8,000 - 8,999",2,既婚,いる,専業主婦・主夫,SEQ0703_1.webp,ちょうど夕食時で、サンバル（辛味調味料）添えのライスと魚のフライを食べている。夫と子どもたちと一緒に食事をしている。私が料理を作る。魚は近くの店で購入した,サンバルソースをたっぷりかけた揚げ魚（イカン・ゴレン・サンバル）。丸ごと一匹の魚をカリッと揚げ、真っ赤なサンバルチリソースで覆ったマレーシアの家庭料理。,https://hakuhodo-hill.com/glpe/photos/scenes-of-meals/webp/SEQ0703_1.webp,,#C0392B,#8B4513,#D35400,#F39C12,#2C3E50,#E74C3C,#795548,400,8,2.8,620,380,32,22,14,2.5,3,伝統ローカル料理,3人,家族
704,MY,セランゴール州のその他のエリア,女性,38歳,"RM 3,000 - 3,499",1,既婚,いる,会社団体役員,SEQ0704_1.webp,夕食。3日前に自宅で兄（または弟）、姉（または妹）、母、息子と。母が作ってくれた,ミーゴレンと思われる炒め麺料理。細い麺を醤油や唐辛子ベースのスパイシーなソースで炒めた、オレンジ・茶色がかった見た目の家庭料理。ステンレスの大皿に盛られている。,https://hakuhodo-hill.com/glpe/photos/scenes-of-meals/webp/SEQ0704_1.webp,,#C4541A,#8B3A0F,#D4742A,#A0522D,#E8892E,#6B3020,#C0C0C0,800,12,4.5,420,720,18,22,110,4,4,伝統ローカル料理,4人以上,家族
706,MY,スバンジャヤ,女性,43歳,"RM 12,000 - 13,999",3,既婚,いる,技術職（エンジニア、プログラマーなど）,SEQ0706_1.webp,チーチョンファン（蒸しクレープ）。午後のおやつ。2024年1月24日に撮影,チーチョンファン（猪腸粉）。薄い米粉シートを丸めた蒸しクレープで、甘辛い醤油ベースのソース、揚げエシャロット、白ごまをトッピング。マレーシアの定番おやつ。,https://hakuhodo-hill.com/glpe/photos/scenes-of-meals/webp/SEQ0706_1.webp,,#F5F0E8,#3D1A08,#C4A882,#D4B896,#8B6914,#F0EDE6,#2C1505,250,12,1.8,120,320,5,6,62,1,1,伝統ローカル料理,1人,自分
707,MY,スバンジャヤ,女性,44歳,"RM 12,000 - 13,999",3,既婚,いる,技術職（エンジニア、プログラマーなど）,SEQ0707_1.webp,私のお気に入りの朝食,トーストしたパンに炒り卵（スクランブルエッグ）を挟んだサンドイッチ。コピティアム定番のカヤトースト風朝食で、余分な卵とケチャップ・マヨネーズを添えた一品。,https://hakuhodo-hill.com/glpe/photos/scenes-of-meals/webp/SEQ0707_1.webp,,#D4A554,#F5E642,#FFFFFF,#C0392B,#F0C060,#8B6914,#F5A623,280,6,1.4,220,420,18,22,38,2,1,伝統ローカル料理,1人,自分
708,MY,クアラ・ルンプール,女性,44歳,"RM 3,500 - 3,999",1,既婚,いる,営業・販売職（セールスマン、店員など）,SEQ0708_1.webp,野菜炒めとたまご,濃い緑色の葉野菜（カンクン/ほうれん草系）と卵を炒めた料理。ニンニクや醤油ベースのソースで味付けされ、卵は炒り卵状に混ぜ込まれている。マレーシア家庭料理風の野菜炒め。,https://hakuhodo-hill.com/glpe/photos/scenes-of-meals/webp/SEQ0708_1.webp,,#2D5A27,#1A3D15,#D4A843,#F5F0E8,#8B6914,#4A7A3A,#C8B87A,180,2.5,1.4,520,145,7.5,9.5,6,3.2,1,伝統ローカル料理,1人,自分
709,MY,クアラ・ルンプール,女性,44歳,"RM 14,000 - 15,999",3,既婚,いる,技術職（エンジニア、プログラマーなど）,SEQ0709_1.webp,スリペタリンの蒸気船で遅いランチ。夫と息子と一緒に,スチームボート（火鍋）セット。味噌または醤油ベースのスープに白菜、エノキ、コーン、しいたけ、魚団子、豚バラ肉スライス、ベーコン、ご飯、中華麺が付いた鍋料理,https://hakuhodo-hill.com/glpe/photos/scenes-of-meals/webp/SEQ0709_1.webp,,#D4A017,#F5E6C8,#8B1A1A,#F5F5F0,#C8A882,#4A3728,#E8C080,2200,12,8.5,1850,1450,72,58,165,12,3,伝統ローカル料理,3人,家族
710,MY,シャー・アラム,女性,45歳,"RM 4,000 - 4,499",1,既婚,いる,専業主婦・主夫,SEQ0710_1.webp,カヤボール,カヤボール（Juicy Kaya Ball）：マレーシアの人気スナック。ふんわりした生地の中にカヤジャム（ココナッツミルクと卵のジャム）を詰めた丸いミニパンケーキ風のお菓子。透明容器に約20個入り。,https://hakuhodo-hill.com/glpe/photos/scenes-of-meals/webp/SEQ0710_1.webp,,#D4924A,#C47D35,#E8A85F,#F5C27A,#8B5E3C,#FDEAC8,#B8860B,300,42,1.2,180,720,12,28,105,2,2,伝統ローカル料理,2人,恋人・配偶者
711,MY,ペタリンジャヤ,女性,45歳,"RM 5,000 - 5,999",2,既婚,いる,会社団体役員,SEQ0711_1.webp,クエ・タラム・スリムカ。ティータイムのため。24年1月14日に撮影。子供と一緒に自宅の台所で撮影。食事の片付けをした。料理は自分で作った。,クエ・タラム・スリムカ（Kuih Talam Serimuka）は、パンダンリーフで色付けされた鮮やかな緑色のカスタード層と、もち米の白い層からなるマレーシアの伝統的な2層スイーツ菓子。,https://hakuhodo-hill.com/glpe/photos/scenes-of-meals/webp/SEQ0711_1.webp,,#3CB044,#2E8B35,#A8D5A2,#C0C0C0,#F5F5DC,,,800,72,1.2,420,1120,14,28,195,3,8,伝統ローカル料理,4人以上,家族
712,MY,クアラ・ルンプール,女性,46歳,"RM 10,000 - 11,999",2,離別,いる,無職,SEQ0712_1.webp,昼食。23年1月15日午後16:56、クアラルンプールで撮影した。1人で。,マクドナルドのゴールデン・プロスペリティ・バーガー（ビーフ）。金色の特別包装に包まれた旧正月限定バーガーで、ビーフパティにブラックペッパーソースを使用したマレーシア限定メニュー。,https://hakuhodo-hill.com/glpe/photos/scenes-of-meals/webp/SEQ0712_1.webp,,#D4AF37,#8B0000,#2C2C2C,#C8A96E,#F5F5F5,,,220,8,2.1,380,558,28,28,48,2,1,洋食,1人,自分
713,MY,クアラ・ルンプール,女性,46歳,"RM 12,000 - 13,999",3,既婚,いる,専業主婦・主夫,SEQ0713_1.webp,先週土曜日（1月13日）、配偶者と子どもと昼食に食べたカリーミー（カレー麺）。近くのフードコートでテイクアウトして自宅で食べた,マレーシアのカリーミー（カレー麺）。スパイシーな赤いカレースープに麺、豆腐、半熟卵、エビ、もやし、イカが入ったフードコートの定番ローカル料理。,https://hakuhodo-hill.com/glpe/photos/scenes-of-meals/webp/SEQ0713_1.webp,,#C0392B,#E8C39E,#F5F5F0,#D4A017,#8B4513,#F0E68C,#2C1810,550,5,3.2,520,480,22,18,58,3.5,1,伝統ローカル料理,1人,家族
714,MY,クラン,女性,47歳,"RM 4,000 - 4,499",1,離別,いる,管理職（課長クラス以上）,SEQ0714_1.webp,台湾旅行に行ったときに撮った写真。私たちは現地の有名なレストランで昼食をとっていた。料理はレストランのシェフが作った,台湾の高級レストランでの円卓料理。魚の姿煮、火鍋スープ、炒め物、ご飯、各種副菜など多彩な台湾料理が並ぶ豪華な宴席料理。蒸し魚や野菜炒めなどが含まれる。,https://hakuhodo-hill.com/glpe/photos/scenes-of-meals/webp/SEQ0714_1.webp,,#F5E6C8,#8B4513,#D4A017,#FFFFFF,#556B2F,#C0392B,#F0E68C,4500,35,28,3200,3800,180,120,420,28,8,中華,4人以上,友達
715,MY,クアラ・ルンプール,女性,49歳,"RM 7,000 - 7,999",2,既婚,いる,事務職（教員も含む）,SEQ0715_1.webp,昼食。調理後すぐに撮った。昼、自宅で撮った。子供と一緒に料理をした。キューピーのグリルチキン。子供がこの料理を作った。,アルミトレーに盛られたグリルチキンとポテトウェッジ。キューピーのタレを使用し、香ばしく焼き上げた鶏肉とじゃがいもが主体。隣にはグレービーソースが添えられている。,https://hakuhodo-hill.com/glpe/photos/scenes-of-meals/webp/SEQ0715_1.webp,,#C8860A,#D4A853,#8B4513,#F0C060,#A0522D,#E8D5A0,#2C2C2C,650,8,3.2,980,720,48,32,58,4.5,2,伝統ローカル料理,2人,家族
716,MY,シャー・アラム,女性,51歳,"RM 8,000 - 8,999",2,未婚,いない,個人経営主、農業主,SEQ0716_1.webp,母と姉（または妹）とテレビを見ながら食べた夕食。地元のスーパーで買った切りたての完熟マンゴーを食べた,完熟マンゴーをスライスしたフルーツ。黒いプラスチック容器に盛られた黄色いマンゴーの果肉で、果肉は鮮やかな黄橙色で熟度が高く甘みが強い。種周りの薄切りと厚切りが混在している。,https://hakuhodo-hill.com/glpe/photos/scenes-of-meals/webp/SEQ0716_1.webp,,#F5C518,#F0A830,#E8D870,#FFF0A0,#D4920A,#1A1A1A,#2B2B6B,200,24,0,320,120,1.6,0.6,30,2.6,3,伝統ローカル料理,3人,家族
717,MY,クアラ・ルンプール,女性,51歳,"RM 12,000 - 13,999",3,既婚,いない,事務職（教員も含む）,SEQ0717_1.webp,"先週金曜日のランチ、2024年1月12日
自宅で午後2時ごろ撮影。家で一人で在宅勤務をしているとき
自分で作ったお粥を食べている",自家製お粥（白粥）に野菜と卵の炒め物、漬け野菜と鶏肉の副菜を添えた中華系マレーシア家庭料理。柔らかく炊いた米粥に人参などが入り、青菜と卵の炒め物、酸菜鶏肉を組み合わせた栄養バランスの良い一食。,https://hakuhodo-hill.com/glpe/photos/scenes-of-meals/webp/SEQ0717_1.webp,,#F5F0E0,#F4C842,#4A7C3F,#D4A96A,#8B6914,#C8B89A,#7B5E3A,650,4,2.8,520,420,18,12,58,3.5,1,伝統ローカル料理,1人,自分
718,MY,クラン,女性,52歳,"RM 7,000 - 7,999",2,既婚,いる,サービス業（理容師、運転手など）,SEQ0718_1.webp,息子との昼食。先週の日曜日に撮った。タイ料理フェスティバルで,タイ料理フェスティバルで提供されたトムヤムヌードル。カップ麺スタイルで、スパイシーなスープにエビせんべい（クラッカー）と麺が入り、箸で食べる。緑茶やタイティーなどの飲み物を添えて。,https://hakuhodo-hill.com/glpe/photos/scenes-of-meals/webp/SEQ0718_1.webp,,#C8A96E,#8B6914,#F5F0E8,#4A7C3F,#D4822A,#E8D5B0,#6B4C2A,350,6,2.8,380,420,12,14,58,3,1,東南アジア料理,1人,家族
719,MY,シャー・アラム,女性,56歳,"RM 10,000 - 11,999",2,既婚,いない,専業主婦・主夫,SEQ0719_1.webp,アップロードした写真は、サンウェイピラミッド（モール）のVillage Roast Duckレストランで夫と一緒にランチしたときの料理の一つ。日付は2023年3月だが、先週の土曜日（2024年1月14日）にも同じものを食べている,サンバルソースで炒めたアヒル肉と野菜の炒め物。インゲン豆、玉ねぎ、赤唐辛子、オクラなどを使い、スパイシーなサンバルペーストで仕上げた典型的なマレーシアの中華系ローカル料理。,https://hakuhodo-hill.com/glpe/photos/scenes-of-meals/webp/SEQ0719_1.webp,,#4a7c3f,#8b4513,#f5f5dc,#c41e3a,#6b4c3b,#d4a017,#9b59b6,350,6,2.8,620,320,22,18,16,5,1,伝統ローカル料理,1人,恋人・配偶者
720,MY,クアラ・ルンプール,女性,57歳,"RM 9,000 - 9,999",2,未婚,いない,サービス業（理容師、運転手など）,SEQ0720_1.webp,兄弟・姉妹との昼食,カレーソースで煮込んだチキンカレー、白米、フライドポテトの3点セット。黄色いカレーソースにチキンと野菜が絡んでおり、マレーシアのローカル食堂でよく見られる定食スタイル。,https://hakuhodo-hill.com/glpe/photos/scenes-of-meals/webp/SEQ0720_1.webp,,#F5E6C8,#D4A017,#F5F0E8,#C8A96E,#E8D5A3,#8B6914,#FFFFFF,550,6,2.8,680,820,32,28,105,4,1,伝統ローカル料理,1人,家族
721,MY,シャー・アラム,女性,58歳,"RM 3,500 - 3,999",1,既婚,いない,専業主婦・主夫,SEQ0721_1.webp,朝食で、2024年1月17日水曜日の午前9時に自宅で一人で撮影。半熟卵、ブロッコリー、カボチャ、ゴマドレッシングのサラダ。仕事に出かける前に配偶者が作ってれた,半熟卵、ブロッコリー、カボチャ、ニンジン、黄色パプリカをゴマドレッシングで和えた温野菜サラダ。栄養バランスの良い手作り朝食で、濃紺のボウルに盛り付けられている。,https://hakuhodo-hill.com/glpe/photos/scenes-of-meals/webp/SEQ0721_1.webp,,#F4A623,#4A7C3F,#E8E8E8,#F5C842,#D46B2A,#FAFAFA,#2C3E6B,350,8.5,1.2,720,210,10.5,10,18,5.5,1,多国籍料理,1人,自分
722,MY,ペタリンジャヤ,女性,59歳,"RM 4,000 - 4,499",1,未婚,いない,営業・販売職（セールスマン、店員など）,SEQ0722_1.webp,野菜スープ,大根、にんじん、ネギが入った薄味の透明なスープ。金属製の鍋に入っており、シンプルな野菜スープ。マレーシア家庭風の素朴な汁物料理。,https://hakuhodo-hill.com/glpe/photos/scenes-of-meals/webp/SEQ0722_1.webp,,#D4C89A,#F5F5F0,#E8742A,#6B8E4E,#C8B87A,#F0ECD8,#8B7355,600,4.2,1.5,380,45,1.8,0.5,8.5,2.3,2,伝統ローカル料理,2人,家族
,,,,,,,,,,,,,,,,,,,,,,400,5,2,450,,,,,,,,1人,自分